Data_Type,Solution_ID,Capacity_kW,Total_Investment_EUR,ROI_Percent,Annual_Energy_kWh,Net_Import_Reduction_kWh,Pareto_Optimal,Rank_Position,Selection_Date,Element_ID,Glass_Type,Glass_Area_m2,Annual_Radiation_kWh_m2,Element_Cost_EUR,Orientation,Azimuth_Degrees,Building_Level,Family_Type,Window_Width_m,Window_Height_m,Efficiency_Percent,PV_Capacity_kW,Note,Total_Elements_Selected,Total_Glass_Area_m2,Total_PV_Capacity_kW,Total_Annual_Energy_kWh,Total_Investment_Cost_EUR,Avg_Cost_Per_kW,Avg_Energy_Per_m2
Solution_Summary,Solution_138,516.37,1304506.56,9.88,512570.65,22557549.35,False,1048.00,2025-08-13 17:01:53.366986,,,,,,,,,,,,,,,,,,,,,
BIPV_Element,,,,,0.00,,,,,350544,,10.68,1175.00,4357.44,South,174.10,5,WindowBig01,0.00,0.00,0.00,1.72,Authentic radiation data from Step 5 analysis,,,,,,,
BIPV_Element,,,,,0.00,,,,,350544,,10.68,1175.00,4357.44,South,174.10,5,WindowBig01,0.00,0.00,0.00,1.72,Authentic radiation data from Step 5 analysis,,,,,,,
BIPV_Element,,,,,0.00,,,,,350614,,10.68,1175.00,4357.44,South,174.10,5,WindowBig01,0.00,0.00,0.00,1.72,Authentic radiation data from Step 5 analysis,,,,,,,
BIPV_Element,,,,,0.00,,,,,350645,,16.22,1175.00,6617.76,South,174.10,5,WindowBig01,0.00,0.00,0.00,2.62,Authentic radiation data from Step 5 analysis,,,,,,,
BIPV_Element,,,,,0.00,,,,,350822,,10.68,1175.00,4357.44,South,174.10,5,WindowBig01,0.00,0.00,0.00,1.72,Authentic radiation data from Step 5 analysis,,,,,,,
BIPV_Element,,,,,0.00,,,,,350825,,16.22,1175.00,6617.76,South,174.10,5,WindowBig01,0.00,0.00,0.00,2.62,Authentic radiation data from Step 5 analysis,,,,,,,
BIPV_Element,,,,,0.00,,,,,350827,,16.22,1175.00,6617.76,South,174.10,5,WindowBig01,0.00,0.00,0.00,2.62,Authentic radiation data from Step 5 analysis,,,,,,,
BIPV_Element,,,,,0.00,,,,,350828,,16.22,1175.00,6617.76,South,174.10,5,WindowBig01,0.00,0.00,0.00,2.62,Authentic radiation data from Step 5 analysis,,,,,,,
BIPV_Element,,,,,0.00,,,,,350829,,16.22,1175.00,6617.76,South,174.10,5,WindowBig01,0.00,0.00,0.00,2.62,Authentic radiation data from Step 5 analysis,,,,,,,
BIPV_Element,,,,,0.00,,,,,350830,,16.22,1175.00,6617.76,South,174.10,5,WindowBig01,0.00,0.00,0.00,2.62,Authentic radiation data from Step 5 analysis,,,,,,,
BIPV_Element,,,,,0.00,,,,,350859,,10.68,1175.00,4357.44,South,174.10,6,WindowBig01,0.00,0.00,0.00,1.72,Authentic radiation data from Step 5 analysis,,,,,,,
BIPV_Element,,,,,0.00,,,,,350860,,10.68,1175.00,4357.44,South,174.10,6,WindowBig01,0.00,0.00,0.00,1.72,Authentic radiation data from Step 5 analysis,,,,,,,
BIPV_Element,,,,,0.00,,,,,350862,,16.22,1175.00,6617.76,South,174.10,6,WindowBig01,0.00,0.00,0.00,2.62,Authentic radiation data from Step 5 analysis,,,,,,,
BIPV_Element,,,,,0.00,,,,,350866,,16.22,1175.00,6617.76,South,174.10,6,WindowBig01,0.00,0.00,0.00,2.62,Authentic radiation data from Step 5 analysis,,,,,,,
BIPV_Element,,,,,0.00,,,,,350867,,16.22,1175.00,6617.76,South,174.10,6,WindowBig01,0.00,0.00,0.00,2.62,Authentic radiation data from Step 5 analysis,,,,,,,
BIPV_Element,,,,,0.00,,,,,350868,,10.68,1175.00,4357.44,South,174.10,6,WindowBig01,0.00,0.00,0.00,1.72,Authentic radiation data from Step 5 analysis,,,,,,,
BIPV_Element,,,,,0.00,,,,,350869,,10.68,1175.00,4357.44,South,174.10,6,WindowBig01,0.00,0.00,0.00,1.72,Authentic radiation data from Step 5 analysis,,,,,,,
BIPV_Element,,,,,0.00,,,,,350870,,16.22,1175.00,6617.76,South,174.10,6,WindowBig01,0.00,0.00,0.00,2.62,Authentic radiation data from Step 5 analysis,,,,,,,
BIPV_Element,,,,,0.00,,,,,350875,,16.22,1175.00,6617.76,South,174.10,6,WindowBig01,0.00,0.00,0.00,2.62,Authentic radiation data from Step 5 analysis,,,,,,,
BIPV_Element,,,,,0.00,,,,,350876,,16.22,1175.00,6617.76,South,174.10,6,WindowBig01,0.00,0.00,0.00,2.62,Authentic radiation data from Step 5 analysis,,,,,,,
BIPV_Element,,,,,0.00,,,,,350885,,16.22,1175.00,6617.76,South,174.10,7,WindowBig01,0.00,0.00,0.00,2.62,Authentic radiation data from Step 5 analysis,,,,,,,
BIPV_Element,,,,,0.00,,,,,350887,,16.22,1175.00,6617.76,South,174.10,7,WindowBig01,0.00,0.00,0.00,2.62,Authentic radiation data from Step 5 analysis,,,,,,,
BIPV_Element,,,,,0.00,,,,,350890,,10.68,1175.00,4357.44,South,174.10,7,WindowBig01,0.00,0.00,0.00,1.72,Authentic radiation data from Step 5 analysis,,,,,,,
BIPV_Element,,,,,0.00,,,,,350892,,16.22,1175.00,6617.76,South,174.10,7,WindowBig01,0.00,0.00,0.00,2.62,Authentic radiation data from Step 5 analysis,,,,,,,
BIPV_Element,,,,,0.00,,,,,350893,,16.22,1175.00,6617.76,South,174.10,7,WindowBig01,0.00,0.00,0.00,2.62,Authentic radiation data from Step 5 analysis,,,,,,,
BIPV_Element,,,,,0.00,,,,,350894,,16.22,1175.00,6617.76,South,174.10,7,WindowBig01,0.00,0.00,0.00,2.62,Authentic radiation data from Step 5 analysis,,,,,,,
BIPV_Element,,,,,0.00,,,,,350895,,16.22,1175.00,6617.76,South,174.10,7,WindowBig01,0.00,0.00,0.00,2.62,Authentic radiation data from Step 5 analysis,,,,,,,
BIPV_Element,,,,,0.00,,,,,350897,,16.22,1175.00,6617.76,South,174.10,7,WindowBig01,0.00,0.00,0.00,2.62,Authentic radiation data from Step 5 analysis,,,,,,,
BIPV_Element,,,,,0.00,,,,,350898,,16.22,1175.00,6617.76,South,174.10,7,WindowBig01,0.00,0.00,0.00,2.62,Authentic radiation data from Step 5 analysis,,,,,,,
BIPV_Element,,,,,0.00,,,,,350903,,10.68,1175.00,4357.44,South,174.10,8,WindowBig01,0.00,0.00,0.00,1.72,Authentic radiation data from Step 5 analysis,,,,,,,
BIPV_Element,,,,,0.00,,,,,350905,,16.22,1175.00,6617.76,South,174.10,8,WindowBig01,0.00,0.00,0.00,2.62,Authentic radiation data from Step 5 analysis,,,,,,,
BIPV_Element,,,,,0.00,,,,,350906,,16.22,1175.00,6617.76,South,174.10,8,WindowBig01,0.00,0.00,0.00,2.62,Authentic radiation data from Step 5 analysis,,,,,,,
BIPV_Element,,,,,0.00,,,,,350910,,16.22,1175.00,6617.76,South,174.10,8,WindowBig01,0.00,0.00,0.00,2.62,Authentic radiation data from Step 5 analysis,,,,,,,
BIPV_Element,,,,,0.00,,,,,350913,,10.68,1175.00,4357.44,South,174.10,8,WindowBig01,0.00,0.00,0.00,1.72,Authentic radiation data from Step 5 analysis,,,,,,,
BIPV_Element,,,,,0.00,,,,,350915,,16.22,1175.00,6617.76,South,174.10,8,WindowBig01,0.00,0.00,0.00,2.62,Authentic radiation data from Step 5 analysis,,,,,,,
BIPV_Element,,,,,0.00,,,,,350916,,16.22,1175.00,6617.76,South,174.10,8,WindowBig01,0.00,0.00,0.00,2.62,Authentic radiation data from Step 5 analysis,,,,,,,
BIPV_Element,,,,,0.00,,,,,350919,,16.22,1175.00,6617.76,South,174.10,8,WindowBig01,0.00,0.00,0.00,2.62,Authentic radiation data from Step 5 analysis,,,,,,,
BIPV_Element,,,,,0.00,,,,,355922,,44.04,1175.00,17968.32,South,174.10,7,WindowModern01,0.00,0.00,0.00,7.11,Authentic radiation data from Step 5 analysis,,,,,,,
BIPV_Element,,,,,0.00,,,,,366379,,31.58,756.00,12884.64,West,263.50,0,WindowHugeArched01,0.00,0.00,0.00,5.10,Authentic radiation data from Step 5 analysis,,,,,,,
BIPV_Element,,,,,0.00,,,,,366874,,31.58,756.00,12884.64,West,263.50,2,WindowHugeArched01,0.00,0.00,0.00,5.10,Authentic radiation data from Step 5 analysis,,,,,,,
BIPV_Element,,,,,0.00,,,,,367274,,31.58,727.00,12884.64,West,264.10,0,WindowHugeArched01,0.00,0.00,0.00,5.10,Authentic radiation data from Step 5 analysis,,,,,,,
BIPV_Element,,,,,0.00,,,,,367277,,31.58,727.00,12884.64,West,264.10,2,WindowHugeArched01,0.00,0.00,0.00,5.10,Authentic radiation data from Step 5 analysis,,,,,,,
BIPV_Element,,,,,0.00,,,,,367844,,13.43,727.00,5479.44,West,264.10,2,WindowBigArched01,0.00,0.00,0.00,2.17,Authentic radiation data from Step 5 analysis,,,,,,,
BIPV_Element,,,,,0.00,,,,,369224,,2.06,756.00,840.48,West,263.50,4,WindowSmall01,0.00,0.00,0.00,0.33,Authentic radiation data from Step 5 analysis,,,,,,,
BIPV_Element,,,,,0.00,,,,,369225,,2.06,756.00,840.48,West,263.50,4,WindowSmall01,0.00,0.00,0.00,0.33,Authentic radiation data from Step 5 analysis,,,,,,,
BIPV_Element,,,,,0.00,,,,,369235,,2.06,756.00,840.48,West,263.50,4,WindowSmall01,0.00,0.00,0.00,0.33,Authentic radiation data from Step 5 analysis,,,,,,,
BIPV_Element,,,,,0.00,,,,,369236,,2.06,756.00,840.48,West,263.50,4,WindowSmall01,0.00,0.00,0.00,0.33,Authentic radiation data from Step 5 analysis,,,,,,,
BIPV_Element,,,,,0.00,,,,,369247,,2.06,756.00,840.48,West,263.50,4,WindowSmall01,0.00,0.00,0.00,0.33,Authentic radiation data from Step 5 analysis,,,,,,,
BIPV_Element,,,,,0.00,,,,,369460,,2.06,863.00,840.48,East,84.10,4,WindowSmall01,0.00,0.00,0.00,0.33,Authentic radiation data from Step 5 analysis,,,,,,,
BIPV_Element,,,,,0.00,,,,,369471,,2.06,863.00,840.48,East,84.10,4,WindowSmall01,0.00,0.00,0.00,0.33,Authentic radiation data from Step 5 analysis,,,,,,,
BIPV_Element,,,,,0.00,,,,,371062,,13.43,727.00,5479.44,West,264.10,2,WindowBigArched01,0.00,0.00,0.00,2.17,Authentic radiation data from Step 5 analysis,,,,,,,
BIPV_Element,,,,,0.00,,,,,371064,,13.43,727.00,5479.44,West,264.10,2,WindowBigArched01,0.00,0.00,0.00,2.17,Authentic radiation data from Step 5 analysis,,,,,,,
BIPV_Element,,,,,0.00,,,,,371165,,2.06,727.00,840.48,West,264.10,4,WindowSmall01,0.00,0.00,0.00,0.33,Authentic radiation data from Step 5 analysis,,,,,,,
BIPV_Element,,,,,0.00,,,,,371177,,2.06,727.00,840.48,West,264.10,4,WindowSmall01,0.00,0.00,0.00,0.33,Authentic radiation data from Step 5 analysis,,,,,,,
BIPV_Element,,,,,0.00,,,,,371188,,2.06,727.00,840.48,West,264.10,4,WindowSmall01,0.00,0.00,0.00,0.33,Authentic radiation data from Step 5 analysis,,,,,,,
BIPV_Element,,,,,0.00,,,,,371197,,2.06,727.00,840.48,West,264.10,4,WindowSmall01,0.00,0.00,0.00,0.33,Authentic radiation data from Step 5 analysis,,,,,,,
BIPV_Element,,,,,0.00,,,,,371206,,2.06,727.00,840.48,West,264.10,4,WindowSmall01,0.00,0.00,0.00,0.33,Authentic radiation data from Step 5 analysis,,,,,,,
BIPV_Element,,,,,0.00,,,,,371216,,2.06,727.00,840.48,West,264.10,4,WindowSmall01,0.00,0.00,0.00,0.33,Authentic radiation data from Step 5 analysis,,,,,,,
BIPV_Element,,,,,0.00,,,,,371217,,2.06,727.00,840.48,West,264.10,4,WindowSmall01,0.00,0.00,0.00,0.33,Authentic radiation data from Step 5 analysis,,,,,,,
BIPV_Element,,,,,0.00,,,,,371253,,13.43,727.00,5479.44,West,264.10,1,WindowBigArched01,0.00,0.00,0.00,2.17,Authentic radiation data from Step 5 analysis,,,,,,,
BIPV_Element,,,,,0.00,,,,,371256,,13.43,863.00,5479.44,East,84.10,1,WindowBigArched01,0.00,0.00,0.00,2.17,Authentic radiation data from Step 5 analysis,,,,,,,
BIPV_Element,,,,,0.00,,,,,371271,,14.51,727.00,5920.08,West,264.10,0,WindowHuge01,0.00,0.00,0.00,2.34,Authentic radiation data from Step 5 analysis,,,,,,,
BIPV_Element,,,,,0.00,,,,,371272,,14.51,727.00,5920.08,West,264.10,0,WindowHuge01,0.00,0.00,0.00,2.34,Authentic radiation data from Step 5 analysis,,,,,,,
BIPV_Element,,,,,0.00,,,,,371273,,14.51,727.00,5920.08,West,264.10,0,WindowHuge01,0.00,0.00,0.00,2.34,Authentic radiation data from Step 5 analysis,,,,,,,
BIPV_Element,,,,,0.00,,,,,372079,,13.43,727.00,5479.44,West,264.10,2,WindowBigArched01,0.00,0.00,0.00,2.17,Authentic radiation data from Step 5 analysis,,,,,,,
BIPV_Element,,,,,0.00,,,,,372083,,2.06,727.00,840.48,West,264.10,4,WindowSmall01,0.00,0.00,0.00,0.33,Authentic radiation data from Step 5 analysis,,,,,,,
BIPV_Element,,,,,0.00,,,,,372087,,13.43,727.00,5479.44,West,264.10,2,WindowBigArched01,0.00,0.00,0.00,2.17,Authentic radiation data from Step 5 analysis,,,,,,,
BIPV_Element,,,,,0.00,,,,,372088,,2.06,727.00,840.48,West,264.10,4,WindowSmall01,0.00,0.00,0.00,0.33,Authentic radiation data from Step 5 analysis,,,,,,,
BIPV_Element,,,,,0.00,,,,,372090,,2.06,727.00,840.48,West,264.10,4,WindowSmall01,0.00,0.00,0.00,0.33,Authentic radiation data from Step 5 analysis,,,,,,,
BIPV_Element,,,,,0.00,,,,,372093,,2.06,727.00,840.48,West,264.10,4,WindowSmall01,0.00,0.00,0.00,0.33,Authentic radiation data from Step 5 analysis,,,,,,,
BIPV_Element,,,,,0.00,,,,,372094,,2.06,727.00,840.48,West,264.10,4,WindowSmall01,0.00,0.00,0.00,0.33,Authentic radiation data from Step 5 analysis,,,,,,,
BIPV_Element,,,,,0.00,,,,,372095,,2.06,727.00,840.48,West,264.10,4,WindowSmall01,0.00,0.00,0.00,0.33,Authentic radiation data from Step 5 analysis,,,,,,,
BIPV_Element,,,,,0.00,,,,,372097,,2.06,727.00,840.48,West,264.10,4,WindowSmall01,0.00,0.00,0.00,0.33,Authentic radiation data from Step 5 analysis,,,,,,,
BIPV_Element,,,,,0.00,,,,,372100,,13.43,727.00,5479.44,West,264.10,1,WindowBigArched01,0.00,0.00,0.00,2.17,Authentic radiation data from Step 5 analysis,,,,,,,
BIPV_Element,,,,,0.00,,,,,372102,,13.43,727.00,5479.44,West,264.10,1,WindowBigArched01,0.00,0.00,0.00,2.17,Authentic radiation data from Step 5 analysis,,,,,,,
BIPV_Element,,,,,0.00,,,,,372104,,13.43,727.00,5479.44,West,264.10,1,WindowBigArched01,0.00,0.00,0.00,2.17,Authentic radiation data from Step 5 analysis,,,,,,,
BIPV_Element,,,,,0.00,,,,,372105,,13.43,727.00,5479.44,West,264.10,1,WindowBigArched01,0.00,0.00,0.00,2.17,Authentic radiation data from Step 5 analysis,,,,,,,
BIPV_Element,,,,,0.00,,,,,372107,,14.51,727.00,5920.08,West,264.10,0,WindowHuge01,0.00,0.00,0.00,2.34,Authentic radiation data from Step 5 analysis,,,,,,,
BIPV_Element,,,,,0.00,,,,,372108,,14.51,727.00,5920.08,West,264.10,0,WindowHuge01,0.00,0.00,0.00,2.34,Authentic radiation data from Step 5 analysis,,,,,,,
BIPV_Element,,,,,0.00,,,,,372109,,14.51,727.00,5920.08,West,264.10,0,WindowHuge01,0.00,0.00,0.00,2.34,Authentic radiation data from Step 5 analysis,,,,,,,
BIPV_Element,,,,,0.00,,,,,372284,,2.06,727.00,840.48,West,264.10,4,WindowSmall01,0.00,0.00,0.00,0.33,Authentic radiation data from Step 5 analysis,,,,,,,
BIPV_Element,,,,,0.00,,,,,372285,,2.06,727.00,840.48,West,264.10,4,WindowSmall01,0.00,0.00,0.00,0.33,Authentic radiation data from Step 5 analysis,,,,,,,
BIPV_Element,,,,,0.00,,,,,372291,,14.51,727.00,5920.08,West,264.10,0,WindowHuge01,0.00,0.00,0.00,2.34,Authentic radiation data from Step 5 analysis,,,,,,,
BIPV_Element,,,,,0.00,,,,,372292,,14.51,727.00,5920.08,West,264.10,0,WindowHuge01,0.00,0.00,0.00,2.34,Authentic radiation data from Step 5 analysis,,,,,,,
BIPV_Element,,,,,0.00,,,,,372735,,13.43,727.00,5479.44,West,264.10,2,WindowBigArched01,0.00,0.00,0.00,2.17,Authentic radiation data from Step 5 analysis,,,,,,,
BIPV_Element,,,,,0.00,,,,,372842,,2.06,727.00,840.48,West,264.10,3,WindowSmall01,0.00,0.00,0.00,0.33,Authentic radiation data from Step 5 analysis,,,,,,,
BIPV_Element,,,,,0.00,,,,,372874,,2.06,727.00,840.48,West,264.10,0,WindowSmall01,0.00,0.00,0.00,0.33,Authentic radiation data from Step 5 analysis,,,,,,,
BIPV_Element,,,,,0.00,,,,,372888,,2.06,727.00,840.48,West,264.10,1,WindowSmall01,0.00,0.00,0.00,0.33,Authentic radiation data from Step 5 analysis,,,,,,,
BIPV_Element,,,,,0.00,,,,,373015,,13.43,727.00,5479.44,West,264.10,2,WindowBigArched01,0.00,0.00,0.00,2.17,Authentic radiation data from Step 5 analysis,,,,,,,
BIPV_Element,,,,,0.00,,,,,373016,,13.43,727.00,5479.44,West,264.10,2,WindowBigArched01,0.00,0.00,0.00,2.17,Authentic radiation data from Step 5 analysis,,,,,,,
BIPV_Element,,,,,0.00,,,,,373017,,13.43,863.00,5479.44,East,84.10,2,WindowBigArched01,0.00,0.00,0.00,2.17,Authentic radiation data from Step 5 analysis,,,,,,,
BIPV_Element,,,,,0.00,,,,,373018,,2.06,863.00,840.48,East,84.10,4,WindowSmall01,0.00,0.00,0.00,0.33,Authentic radiation data from Step 5 analysis,,,,,,,
BIPV_Element,,,,,0.00,,,,,373019,,2.06,863.00,840.48,East,84.10,4,WindowSmall01,0.00,0.00,0.00,0.33,Authentic radiation data from Step 5 analysis,,,,,,,
BIPV_Element,,,,,0.00,,,,,373020,,13.43,727.00,5479.44,West,264.10,2,WindowBigArched01,0.00,0.00,0.00,2.17,Authentic radiation data from Step 5 analysis,,,,,,,
BIPV_Element,,,,,0.00,,,,,373021,,13.43,727.00,5479.44,West,264.10,2,WindowBigArched01,0.00,0.00,0.00,2.17,Authentic radiation data from Step 5 analysis,,,,,,,
BIPV_Element,,,,,0.00,,,,,373022,,13.43,727.00,5479.44,West,264.10,2,WindowBigArched01,0.00,0.00,0.00,2.17,Authentic radiation data from Step 5 analysis,,,,,,,
BIPV_Element,,,,,0.00,,,,,373024,,2.06,863.00,840.48,East,84.10,4,WindowSmall01,0.00,0.00,0.00,0.33,Authentic radiation data from Step 5 analysis,,,,,,,
BIPV_Element,,,,,0.00,,,,,373026,,2.06,863.00,840.48,East,84.10,4,WindowSmall01,0.00,0.00,0.00,0.33,Authentic radiation data from Step 5 analysis,,,,,,,
BIPV_Element,,,,,0.00,,,,,373027,,2.06,863.00,840.48,East,84.10,4,WindowSmall01,0.00,0.00,0.00,0.33,Authentic radiation data from Step 5 analysis,,,,,,,
BIPV_Element,,,,,0.00,,,,,373028,,2.06,863.00,840.48,East,84.10,4,WindowSmall01,0.00,0.00,0.00,0.33,Authentic radiation data from Step 5 analysis,,,,,,,
BIPV_Element,,,,,0.00,,,,,373029,,2.06,863.00,840.48,East,84.10,4,WindowSmall01,0.00,0.00,0.00,0.33,Authentic radiation data from Step 5 analysis,,,,,,,
BIPV_Element,,,,,0.00,,,,,373032,,2.06,863.00,840.48,East,84.10,4,WindowSmall01,0.00,0.00,0.00,0.33,Authentic radiation data from Step 5 analysis,,,,,,,
BIPV_Element,,,,,0.00,,,,,373033,,2.06,863.00,840.48,East,84.10,4,WindowSmall01,0.00,0.00,0.00,0.33,Authentic radiation data from Step 5 analysis,,,,,,,
BIPV_Element,,,,,0.00,,,,,373034,,2.06,863.00,840.48,East,84.10,4,WindowSmall01,0.00,0.00,0.00,0.33,Authentic radiation data from Step 5 analysis,,,,,,,
BIPV_Element,,,,,0.00,,,,,373035,,13.43,863.00,5479.44,East,84.10,1,WindowBigArched01,0.00,0.00,0.00,2.17,Authentic radiation data from Step 5 analysis,,,,,,,
BIPV_Element,,,,,0.00,,,,,373037,,13.43,863.00,5479.44,East,84.10,1,WindowBigArched01,0.00,0.00,0.00,2.17,Authentic radiation data from Step 5 analysis,,,,,,,
BIPV_Element,,,,,0.00,,,,,373038,,13.43,863.00,5479.44,East,84.10,1,WindowBigArched01,0.00,0.00,0.00,2.17,Authentic radiation data from Step 5 analysis,,,,,,,
BIPV_Element,,,,,0.00,,,,,373042,,14.51,863.00,5920.08,East,84.10,0,WindowHuge01,0.00,0.00,0.00,2.34,Authentic radiation data from Step 5 analysis,,,,,,,
BIPV_Element,,,,,0.00,,,,,373044,,14.51,863.00,5920.08,East,84.10,0,WindowHuge01,0.00,0.00,0.00,2.34,Authentic radiation data from Step 5 analysis,,,,,,,
BIPV_Element,,,,,0.00,,,,,373045,,14.51,863.00,5920.08,East,84.10,0,WindowHuge01,0.00,0.00,0.00,2.34,Authentic radiation data from Step 5 analysis,,,,,,,
BIPV_Element,,,,,0.00,,,,,373052,,13.43,863.00,5479.44,East,84.10,2,WindowBigArched01,0.00,0.00,0.00,2.17,Authentic radiation data from Step 5 analysis,,,,,,,
BIPV_Element,,,,,0.00,,,,,373054,,2.06,863.00,840.48,East,84.10,4,WindowSmall01,0.00,0.00,0.00,0.33,Authentic radiation data from Step 5 analysis,,,,,,,
BIPV_Element,,,,,0.00,,,,,373055,,13.43,727.00,5479.44,West,264.10,2,WindowBigArched01,0.00,0.00,0.00,2.17,Authentic radiation data from Step 5 analysis,,,,,,,
BIPV_Element,,,,,0.00,,,,,373056,,13.43,727.00,5479.44,West,264.10,2,WindowBigArched01,0.00,0.00,0.00,2.17,Authentic radiation data from Step 5 analysis,,,,,,,
BIPV_Element,,,,,0.00,,,,,373057,,13.43,727.00,5479.44,West,264.10,2,WindowBigArched01,0.00,0.00,0.00,2.17,Authentic radiation data from Step 5 analysis,,,,,,,
BIPV_Element,,,,,0.00,,,,,373059,,2.06,863.00,840.48,East,84.10,4,WindowSmall01,0.00,0.00,0.00,0.33,Authentic radiation data from Step 5 analysis,,,,,,,
BIPV_Element,,,,,0.00,,,,,373060,,2.06,863.00,840.48,East,84.10,4,WindowSmall01,0.00,0.00,0.00,0.33,Authentic radiation data from Step 5 analysis,,,,,,,
BIPV_Element,,,,,0.00,,,,,373061,,2.06,863.00,840.48,East,84.10,4,WindowSmall01,0.00,0.00,0.00,0.33,Authentic radiation data from Step 5 analysis,,,,,,,
BIPV_Element,,,,,0.00,,,,,373063,,2.06,863.00,840.48,East,84.10,4,WindowSmall01,0.00,0.00,0.00,0.33,Authentic radiation data from Step 5 analysis,,,,,,,
BIPV_Element,,,,,0.00,,,,,373064,,2.06,863.00,840.48,East,84.10,4,WindowSmall01,0.00,0.00,0.00,0.33,Authentic radiation data from Step 5 analysis,,,,,,,
BIPV_Element,,,,,0.00,,,,,373066,,2.06,863.00,840.48,East,84.10,4,WindowSmall01,0.00,0.00,0.00,0.33,Authentic radiation data from Step 5 analysis,,,,,,,
BIPV_Element,,,,,0.00,,,,,373067,,2.06,863.00,840.48,East,84.10,4,WindowSmall01,0.00,0.00,0.00,0.33,Authentic radiation data from Step 5 analysis,,,,,,,
BIPV_Element,,,,,0.00,,,,,373069,,2.06,863.00,840.48,East,84.10,4,WindowSmall01,0.00,0.00,0.00,0.33,Authentic radiation data from Step 5 analysis,,,,,,,
BIPV_Element,,,,,0.00,,,,,373071,,13.43,863.00,5479.44,East,84.10,1,WindowBigArched01,0.00,0.00,0.00,2.17,Authentic radiation data from Step 5 analysis,,,,,,,
BIPV_Element,,,,,0.00,,,,,373072,,13.43,863.00,5479.44,East,84.10,1,WindowBigArched01,0.00,0.00,0.00,2.17,Authentic radiation data from Step 5 analysis,,,,,,,
BIPV_Element,,,,,0.00,,,,,373074,,13.43,863.00,5479.44,East,84.10,1,WindowBigArched01,0.00,0.00,0.00,2.17,Authentic radiation data from Step 5 analysis,,,,,,,
BIPV_Element,,,,,0.00,,,,,373077,,14.51,863.00,5920.08,East,84.10,0,WindowHuge01,0.00,0.00,0.00,2.34,Authentic radiation data from Step 5 analysis,,,,,,,
BIPV_Element,,,,,0.00,,,,,373078,,14.51,863.00,5920.08,East,84.10,0,WindowHuge01,0.00,0.00,0.00,2.34,Authentic radiation data from Step 5 analysis,,,,,,,
BIPV_Element,,,,,0.00,,,,,373079,,14.51,863.00,5920.08,East,84.10,0,WindowHuge01,0.00,0.00,0.00,2.34,Authentic radiation data from Step 5 analysis,,,,,,,
BIPV_Element,,,,,0.00,,,,,373080,,14.51,863.00,5920.08,East,84.10,0,WindowHuge01,0.00,0.00,0.00,2.34,Authentic radiation data from Step 5 analysis,,,,,,,
BIPV_Element,,,,,0.00,,,,,373082,,13.43,733.00,5479.44,West,263.60,2,WindowBigArched01,0.00,0.00,0.00,2.17,Authentic radiation data from Step 5 analysis,,,,,,,
BIPV_Element,,,,,0.00,,,,,373086,,2.06,654.00,840.48,East,83.60,4,WindowSmall01,0.00,0.00,0.00,0.33,Authentic radiation data from Step 5 analysis,,,,,,,
BIPV_Element,,,,,0.00,,,,,373087,,2.06,654.00,840.48,East,83.60,4,WindowSmall01,0.00,0.00,0.00,0.33,Authentic radiation data from Step 5 analysis,,,,,,,
BIPV_Element,,,,,0.00,,,,,373092,,13.43,654.00,5479.44,East,83.60,1,WindowBigArched01,0.00,0.00,0.00,2.17,Authentic radiation data from Step 5 analysis,,,,,,,
BIPV_Element,,,,,0.00,,,,,373101,,13.43,863.00,5479.44,East,84.10,2,WindowBigArched01,0.00,0.00,0.00,2.17,Authentic radiation data from Step 5 analysis,,,,,,,
BIPV_Element,,,,,0.00,,,,,373102,,2.06,863.00,840.48,East,84.10,3,WindowSmall01,0.00,0.00,0.00,0.33,Authentic radiation data from Step 5 analysis,,,,,,,
BIPV_Element,,,,,0.00,,,,,373106,,2.06,863.00,840.48,East,84.10,0,WindowSmall01,0.00,0.00,0.00,0.33,Authentic radiation data from Step 5 analysis,,,,,,,
BIPV_Element,,,,,0.00,,,,,373108,,2.06,863.00,840.48,East,84.10,1,WindowSmall01,0.00,0.00,0.00,0.33,Authentic radiation data from Step 5 analysis,,,,,,,
BIPV_Element,,,,,0.00,,,,,373109,,2.06,863.00,840.48,East,84.10,1,WindowSmall01,0.00,0.00,0.00,0.33,Authentic radiation data from Step 5 analysis,,,,,,,
BIPV_Element,,,,,0.00,,,,,373489,,13.43,863.00,5479.44,East,84.10,1,WindowBigArched01,0.00,0.00,0.00,2.17,Authentic radiation data from Step 5 analysis,,,,,,,
BIPV_Element,,,,,0.00,,,,,373490,,14.51,863.00,5920.08,East,84.10,0,WindowHuge01,0.00,0.00,0.00,2.34,Authentic radiation data from Step 5 analysis,,,,,,,
BIPV_Element,,,,,0.00,,,,,374306,,13.43,727.00,5479.44,West,264.10,1,WindowBigArched01,0.00,0.00,0.00,2.17,Authentic radiation data from Step 5 analysis,,,,,,,
BIPV_Element,,,,,0.00,,,,,375328,,13.43,1175.00,5479.44,South,174.10,3,WindowBigArched01,0.00,0.00,0.00,2.17,Authentic radiation data from Step 5 analysis,,,,,,,
BIPV_Element,,,,,0.00,,,,,375333,,2.06,1175.00,840.48,South,174.10,4,WindowSmall01,0.00,0.00,0.00,0.33,Authentic radiation data from Step 5 analysis,,,,,,,
BIPV_Element,,,,,0.00,,,,,375334,,2.06,1175.00,840.48,South,174.10,4,WindowSmall01,0.00,0.00,0.00,0.33,Authentic radiation data from Step 5 analysis,,,,,,,
BIPV_Element,,,,,0.00,,,,,375356,,2.06,1175.00,840.48,South,174.10,4,WindowSmall01,0.00,0.00,0.00,0.33,Authentic radiation data from Step 5 analysis,,,,,,,
BIPV_Element,,,,,0.00,,,,,375357,,13.43,1175.00,5479.44,South,174.10,1,WindowBigArched01,0.00,0.00,0.00,2.17,Authentic radiation data from Step 5 analysis,,,,,,,
BIPV_Element,,,,,0.00,,,,,375358,,14.51,1175.00,5920.08,South,174.10,0,WindowHuge01,0.00,0.00,0.00,2.34,Authentic radiation data from Step 5 analysis,,,,,,,
BIPV_Element,,,,,0.00,,,,,375372,,2.06,1175.00,840.48,South,174.10,4,WindowSmall01,0.00,0.00,0.00,0.33,Authentic radiation data from Step 5 analysis,,,,,,,
BIPV_Element,,,,,0.00,,,,,377492,,13.43,1175.00,5479.44,South,174.10,4,WindowBigArched01,0.00,0.00,0.00,2.17,Authentic radiation data from Step 5 analysis,,,,,,,
BIPV_Element,,,,,0.00,,,,,377496,,14.51,1175.00,5920.08,South,174.10,1,WindowHuge01,0.00,0.00,0.00,2.34,Authentic radiation data from Step 5 analysis,,,,,,,
BIPV_Element,,,,,0.00,,,,,377709,,13.43,1175.00,5479.44,South,174.10,2,WindowBigArched01,0.00,0.00,0.00,2.17,Authentic radiation data from Step 5 analysis,,,,,,,
BIPV_Element,,,,,0.00,,,,,377749,,13.43,1175.00,5479.44,South,174.10,3,WindowBigArched01,0.00,0.00,0.00,2.17,Authentic radiation data from Step 5 analysis,,,,,,,
BIPV_Element,,,,,0.00,,,,,377824,,13.43,1175.00,5479.44,South,174.10,2,WindowBigArched01,0.00,0.00,0.00,2.17,Authentic radiation data from Step 5 analysis,,,,,,,
BIPV_Element,,,,,0.00,,,,,377835,,14.51,1175.00,5920.08,South,174.10,1,WindowHuge01,0.00,0.00,0.00,2.34,Authentic radiation data from Step 5 analysis,,,,,,,
BIPV_Element,,,,,0.00,,,,,377841,,13.43,1175.00,5479.44,South,174.10,3,WindowBigArched01,0.00,0.00,0.00,2.17,Authentic radiation data from Step 5 analysis,,,,,,,
BIPV_Element,,,,,0.00,,,,,377845,,14.51,1175.00,5920.08,South,174.10,1,WindowHuge01,0.00,0.00,0.00,2.34,Authentic radiation data from Step 5 analysis,,,,,,,
BIPV_Element,,,,,0.00,,,,,378074,,2.06,1175.00,840.48,South,174.10,4,WindowSmall01,0.00,0.00,0.00,0.33,Authentic radiation data from Step 5 analysis,,,,,,,
BIPV_Element,,,,,0.00,,,,,378078,,2.06,1175.00,840.48,South,174.10,4,WindowSmall01,0.00,0.00,0.00,0.33,Authentic radiation data from Step 5 analysis,,,,,,,
BIPV_Element,,,,,0.00,,,,,378084,,2.06,1175.00,840.48,South,174.10,4,WindowSmall01,0.00,0.00,0.00,0.33,Authentic radiation data from Step 5 analysis,,,,,,,
BIPV_Element,,,,,0.00,,,,,378094,,2.06,1175.00,840.48,South,174.10,4,WindowSmall01,0.00,0.00,0.00,0.33,Authentic radiation data from Step 5 analysis,,,,,,,
BIPV_Element,,,,,0.00,,,,,378104,,2.06,1175.00,840.48,South,174.10,4,WindowSmall01,0.00,0.00,0.00,0.33,Authentic radiation data from Step 5 analysis,,,,,,,
BIPV_Element,,,,,0.00,,,,,378114,,2.06,1175.00,840.48,South,174.10,4,WindowSmall01,0.00,0.00,0.00,0.33,Authentic radiation data from Step 5 analysis,,,,,,,
BIPV_Element,,,,,0.00,,,,,378118,,2.06,1175.00,840.48,South,174.10,4,WindowSmall01,0.00,0.00,0.00,0.33,Authentic radiation data from Step 5 analysis,,,,,,,
BIPV_Element,,,,,0.00,,,,,378221,,13.43,727.00,5479.44,West,264.10,3,WindowBigArched01,0.00,0.00,0.00,2.17,Authentic radiation data from Step 5 analysis,,,,,,,
BIPV_Element,,,,,0.00,,,,,378222,,2.06,863.00,840.48,East,84.10,4,WindowSmall01,0.00,0.00,0.00,0.33,Authentic radiation data from Step 5 analysis,,,,,,,
BIPV_Element,,,,,0.00,,,,,378223,,2.06,863.00,840.48,East,84.10,4,WindowSmall01,0.00,0.00,0.00,0.33,Authentic radiation data from Step 5 analysis,,,,,,,
BIPV_Element,,,,,0.00,,,,,378225,,14.51,727.00,5920.08,West,264.10,1,WindowHuge01,0.00,0.00,0.00,2.34,Authentic radiation data from Step 5 analysis,,,,,,,
BIPV_Element,,,,,0.00,,,,,378227,,2.06,863.00,840.48,East,84.10,4,WindowSmall01,0.00,0.00,0.00,0.33,Authentic radiation data from Step 5 analysis,,,,,,,
BIPV_Element,,,,,0.00,,,,,378228,,2.06,863.00,840.48,East,84.10,4,WindowSmall01,0.00,0.00,0.00,0.33,Authentic radiation data from Step 5 analysis,,,,,,,
BIPV_Element,,,,,0.00,,,,,378229,,13.43,727.00,5479.44,West,264.10,2,WindowBigArched01,0.00,0.00,0.00,2.17,Authentic radiation data from Step 5 analysis,,,,,,,
BIPV_Element,,,,,0.00,,,,,378232,,2.06,863.00,840.48,East,84.10,4,WindowSmall01,0.00,0.00,0.00,0.33,Authentic radiation data from Step 5 analysis,,,,,,,
BIPV_Element,,,,,0.00,,,,,378233,,2.06,863.00,840.48,East,84.10,4,WindowSmall01,0.00,0.00,0.00,0.33,Authentic radiation data from Step 5 analysis,,,,,,,
BIPV_Element,,,,,0.00,,,,,378236,,13.43,727.00,5479.44,West,264.10,3,WindowBigArched01,0.00,0.00,0.00,2.17,Authentic radiation data from Step 5 analysis,,,,,,,
BIPV_Element,,,,,0.00,,,,,378237,,2.06,863.00,840.48,East,84.10,4,WindowSmall01,0.00,0.00,0.00,0.33,Authentic radiation data from Step 5 analysis,,,,,,,
BIPV_Element,,,,,0.00,,,,,378238,,2.06,863.00,840.48,East,84.10,4,WindowSmall01,0.00,0.00,0.00,0.33,Authentic radiation data from Step 5 analysis,,,,,,,
BIPV_Element,,,,,0.00,,,,,378311,,13.43,863.00,5479.44,East,84.10,3,WindowBigArched01,0.00,0.00,0.00,2.17,Authentic radiation data from Step 5 analysis,,,,,,,
BIPV_Element,,,,,0.00,,,,,378315,,14.51,863.00,5920.08,East,84.10,1,WindowHuge01,0.00,0.00,0.00,2.34,Authentic radiation data from Step 5 analysis,,,,,,,
BIPV_Element,,,,,0.00,,,,,378317,,2.06,727.00,840.48,West,264.10,4,WindowSmall01,0.00,0.00,0.00,0.33,Authentic radiation data from Step 5 analysis,,,,,,,
BIPV_Element,,,,,0.00,,,,,378318,,2.06,727.00,840.48,West,264.10,4,WindowSmall01,0.00,0.00,0.00,0.33,Authentic radiation data from Step 5 analysis,,,,,,,
BIPV_Element,,,,,0.00,,,,,378320,,14.51,863.00,5920.08,East,84.10,1,WindowHuge01,0.00,0.00,0.00,2.34,Authentic radiation data from Step 5 analysis,,,,,,,
BIPV_Element,,,,,0.00,,,,,378322,,2.06,727.00,840.48,West,264.10,4,WindowSmall01,0.00,0.00,0.00,0.33,Authentic radiation data from Step 5 analysis,,,,,,,
BIPV_Element,,,,,0.00,,,,,378325,,14.51,863.00,5920.08,East,84.10,1,WindowHuge01,0.00,0.00,0.00,2.34,Authentic radiation data from Step 5 analysis,,,,,,,
BIPV_Element,,,,,0.00,,,,,378330,,14.51,863.00,5920.08,East,84.10,1,WindowHuge01,0.00,0.00,0.00,2.34,Authentic radiation data from Step 5 analysis,,,,,,,
BIPV_Element,,,,,0.00,,,,,378332,,2.06,727.00,840.48,West,264.10,4,WindowSmall01,0.00,0.00,0.00,0.33,Authentic radiation data from Step 5 analysis,,,,,,,
BIPV_Element,,,,,0.00,,,,,378333,,2.06,727.00,840.48,West,264.10,4,WindowSmall01,0.00,0.00,0.00,0.33,Authentic radiation data from Step 5 analysis,,,,,,,
BIPV_Element,,,,,0.00,,,,,378335,,14.51,863.00,5920.08,East,84.10,1,WindowHuge01,0.00,0.00,0.00,2.34,Authentic radiation data from Step 5 analysis,,,,,,,
BIPV_Element,,,,,0.00,,,,,378424,,13.43,727.00,5479.44,West,264.10,3,WindowBigArched01,0.00,0.00,0.00,2.17,Authentic radiation data from Step 5 analysis,,,,,,,
BIPV_Element,,,,,0.00,,,,,378428,,14.51,727.00,5920.08,West,264.10,1,WindowHuge01,0.00,0.00,0.00,2.34,Authentic radiation data from Step 5 analysis,,,,,,,
BIPV_Element,,,,,0.00,,,,,378429,,13.43,727.00,5479.44,West,264.10,3,WindowBigArched01,0.00,0.00,0.00,2.17,Authentic radiation data from Step 5 analysis,,,,,,,
BIPV_Element,,,,,0.00,,,,,378434,,13.43,727.00,5479.44,West,264.10,3,WindowBigArched01,0.00,0.00,0.00,2.17,Authentic radiation data from Step 5 analysis,,,,,,,
BIPV_Element,,,,,0.00,,,,,378435,,2.06,863.00,840.48,East,84.10,4,WindowSmall01,0.00,0.00,0.00,0.33,Authentic radiation data from Step 5 analysis,,,,,,,
BIPV_Element,,,,,0.00,,,,,378438,,14.51,727.00,5920.08,West,264.10,1,WindowHuge01,0.00,0.00,0.00,2.34,Authentic radiation data from Step 5 analysis,,,,,,,
BIPV_Element,,,,,0.00,,,,,378442,,13.43,727.00,5479.44,West,264.10,2,WindowBigArched01,0.00,0.00,0.00,2.17,Authentic radiation data from Step 5 analysis,,,,,,,
BIPV_Element,,,,,0.00,,,,,378445,,2.06,863.00,840.48,East,84.10,4,WindowSmall01,0.00,0.00,0.00,0.33,Authentic radiation data from Step 5 analysis,,,,,,,
BIPV_Element,,,,,0.00,,,,,378447,,13.43,727.00,5479.44,West,264.10,2,WindowBigArched01,0.00,0.00,0.00,2.17,Authentic radiation data from Step 5 analysis,,,,,,,
BIPV_Element,,,,,0.00,,,,,378448,,14.51,727.00,5920.08,West,264.10,1,WindowHuge01,0.00,0.00,0.00,2.34,Authentic radiation data from Step 5 analysis,,,,,,,
BIPV_Element,,,,,0.00,,,,,378507,,13.43,863.00,5479.44,East,84.10,3,WindowBigArched01,0.00,0.00,0.00,2.17,Authentic radiation data from Step 5 analysis,,,,,,,
BIPV_Element,,,,,0.00,,,,,378510,,13.43,863.00,5479.44,East,84.10,2,WindowBigArched01,0.00,0.00,0.00,2.17,Authentic radiation data from Step 5 analysis,,,,,,,
BIPV_Element,,,,,0.00,,,,,378512,,13.43,863.00,5479.44,East,84.10,3,WindowBigArched01,0.00,0.00,0.00,2.17,Authentic radiation data from Step 5 analysis,,,,,,,
BIPV_Element,,,,,0.00,,,,,378515,,13.43,863.00,5479.44,East,84.10,2,WindowBigArched01,0.00,0.00,0.00,2.17,Authentic radiation data from Step 5 analysis,,,,,,,
BIPV_Element,,,,,0.00,,,,,378519,,2.06,727.00,840.48,West,264.10,4,WindowSmall01,0.00,0.00,0.00,0.33,Authentic radiation data from Step 5 analysis,,,,,,,
BIPV_Element,,,,,0.00,,,,,378521,,14.51,863.00,5920.08,East,84.10,1,WindowHuge01,0.00,0.00,0.00,2.34,Authentic radiation data from Step 5 analysis,,,,,,,
BIPV_Element,,,,,0.00,,,,,378522,,13.43,863.00,5479.44,East,84.10,3,WindowBigArched01,0.00,0.00,0.00,2.17,Authentic radiation data from Step 5 analysis,,,,,,,
BIPV_Element,,,,,0.00,,,,,378526,,14.51,863.00,5920.08,East,84.10,1,WindowHuge01,0.00,0.00,0.00,2.34,Authentic radiation data from Step 5 analysis,,,,,,,
BIPV_Element,,,,,0.00,,,,,378527,,13.43,863.00,5479.44,East,84.10,3,WindowBigArched01,0.00,0.00,0.00,2.17,Authentic radiation data from Step 5 analysis,,,,,,,
BIPV_Element,,,,,0.00,,,,,378528,,2.06,727.00,840.48,West,264.10,4,WindowSmall01,0.00,0.00,0.00,0.33,Authentic radiation data from Step 5 analysis,,,,,,,
BIPV_Element,,,,,0.00,,,,,383540,,2.06,727.00,840.48,West,264.10,4,WindowSmall01,0.00,0.00,0.00,0.33,Authentic radiation data from Step 5 analysis,,,,,,,
BIPV_Element,,,,,0.00,,,,,383542,,13.43,863.00,5479.44,East,84.10,2,WindowBigArched01,0.00,0.00,0.00,2.17,Authentic radiation data from Step 5 analysis,,,,,,,
BIPV_Element,,,,,0.00,,,,,383545,,2.06,727.00,840.48,West,264.10,4,WindowSmall01,0.00,0.00,0.00,0.33,Authentic radiation data from Step 5 analysis,,,,,,,
BIPV_Element,,,,,0.00,,,,,383546,,2.06,727.00,840.48,West,264.10,4,WindowSmall01,0.00,0.00,0.00,0.33,Authentic radiation data from Step 5 analysis,,,,,,,
BIPV_Element,,,,,0.00,,,,,383547,,13.43,863.00,5479.44,East,84.10,2,WindowBigArched01,0.00,0.00,0.00,2.17,Authentic radiation data from Step 5 analysis,,,,,,,
BIPV_Element,,,,,0.00,,,,,383550,,2.06,727.00,840.48,West,264.10,4,WindowSmall01,0.00,0.00,0.00,0.33,Authentic radiation data from Step 5 analysis,,,,,,,
BIPV_Element,,,,,0.00,,,,,383552,,13.43,863.00,5479.44,East,84.10,2,WindowBigArched01,0.00,0.00,0.00,2.17,Authentic radiation data from Step 5 analysis,,,,,,,
BIPV_Element,,,,,0.00,,,,,383556,,2.06,727.00,840.48,West,264.10,4,WindowSmall01,0.00,0.00,0.00,0.33,Authentic radiation data from Step 5 analysis,,,,,,,
BIPV_Element,,,,,0.00,,,,,383557,,13.43,863.00,5479.44,East,84.10,2,WindowBigArched01,0.00,0.00,0.00,2.17,Authentic radiation data from Step 5 analysis,,,,,,,
BIPV_Element,,,,,0.00,,,,,383561,,2.06,727.00,840.48,West,264.10,4,WindowSmall01,0.00,0.00,0.00,0.33,Authentic radiation data from Step 5 analysis,,,,,,,
BIPV_Element,,,,,0.00,,,,,383563,,14.51,863.00,5920.08,East,84.10,1,WindowHuge01,0.00,0.00,0.00,2.34,Authentic radiation data from Step 5 analysis,,,,,,,
BIPV_Element,,,,,0.00,,,,,383604,,13.43,727.00,5479.44,West,264.10,3,WindowBigArched01,0.00,0.00,0.00,2.17,Authentic radiation data from Step 5 analysis,,,,,,,
BIPV_Element,,,,,0.00,,,,,383607,,13.43,727.00,5479.44,West,264.10,2,WindowBigArched01,0.00,0.00,0.00,2.17,Authentic radiation data from Step 5 analysis,,,,,,,
BIPV_Element,,,,,0.00,,,,,383612,,13.43,727.00,5479.44,West,264.10,2,WindowBigArched01,0.00,0.00,0.00,2.17,Authentic radiation data from Step 5 analysis,,,,,,,
BIPV_Element,,,,,0.00,,,,,383613,,14.51,727.00,5920.08,West,264.10,1,WindowHuge01,0.00,0.00,0.00,2.34,Authentic radiation data from Step 5 analysis,,,,,,,
BIPV_Element,,,,,0.00,,,,,383616,,2.06,863.00,840.48,East,84.10,4,WindowSmall01,0.00,0.00,0.00,0.33,Authentic radiation data from Step 5 analysis,,,,,,,
BIPV_Element,,,,,0.00,,,,,383617,,13.43,727.00,5479.44,West,264.10,2,WindowBigArched01,0.00,0.00,0.00,2.17,Authentic radiation data from Step 5 analysis,,,,,,,
BIPV_Element,,,,,0.00,,,,,383620,,2.06,863.00,840.48,East,84.10,4,WindowSmall01,0.00,0.00,0.00,0.33,Authentic radiation data from Step 5 analysis,,,,,,,
BIPV_Element,,,,,0.00,,,,,383621,,2.06,863.00,840.48,East,84.10,4,WindowSmall01,0.00,0.00,0.00,0.33,Authentic radiation data from Step 5 analysis,,,,,,,
BIPV_Element,,,,,0.00,,,,,383622,,13.43,727.00,5479.44,West,264.10,2,WindowBigArched01,0.00,0.00,0.00,2.17,Authentic radiation data from Step 5 analysis,,,,,,,
BIPV_Element,,,,,0.00,,,,,383625,,2.06,863.00,840.48,East,84.10,4,WindowSmall01,0.00,0.00,0.00,0.33,Authentic radiation data from Step 5 analysis,,,,,,,
BIPV_Element,,,,,0.00,,,,,383626,,2.06,863.00,840.48,East,84.10,4,WindowSmall01,0.00,0.00,0.00,0.33,Authentic radiation data from Step 5 analysis,,,,,,,
BIPV_Element,,,,,0.00,,,,,383684,,10.68,1175.00,4357.44,South,174.10,4,WindowBig01,0.00,0.00,0.00,1.72,Authentic radiation data from Step 5 analysis,,,,,,,
BIPV_Element,,,,,0.00,,,,,383688,,16.22,1175.00,6617.76,South,174.10,4,WindowBig01,0.00,0.00,0.00,2.62,Authentic radiation data from Step 5 analysis,,,,,,,
BIPV_Element,,,,,0.00,,,,,383689,,16.22,1175.00,6617.76,South,174.10,4,WindowBig01,0.00,0.00,0.00,2.62,Authentic radiation data from Step 5 analysis,,,,,,,
BIPV_Element,,,,,0.00,,,,,383692,,16.22,1175.00,6617.76,South,174.10,4,WindowBig01,0.00,0.00,0.00,2.62,Authentic radiation data from Step 5 analysis,,,,,,,
BIPV_Element,,,,,0.00,,,,,383779,,10.68,1175.00,4357.44,South,174.10,3,WindowBig01,0.00,0.00,0.00,1.72,Authentic radiation data from Step 5 analysis,,,,,,,
BIPV_Element,,,,,0.00,,,,,383782,,16.22,1175.00,6617.76,South,174.10,3,WindowBig01,0.00,0.00,0.00,2.62,Authentic radiation data from Step 5 analysis,,,,,,,
BIPV_Element,,,,,0.00,,,,,383784,,16.22,1175.00,6617.76,South,174.10,3,WindowBig01,0.00,0.00,0.00,2.62,Authentic radiation data from Step 5 analysis,,,,,,,
BIPV_Element,,,,,0.00,,,,,383786,,16.22,1175.00,6617.76,South,174.10,3,WindowBig01,0.00,0.00,0.00,2.62,Authentic radiation data from Step 5 analysis,,,,,,,
BIPV_Element,,,,,0.00,,,,,383797,,10.68,1175.00,4357.44,South,174.10,2,WindowBig01,0.00,0.00,0.00,1.72,Authentic radiation data from Step 5 analysis,,,,,,,
BIPV_Element,,,,,0.00,,,,,383798,,10.68,1175.00,4357.44,South,174.10,2,WindowBig01,0.00,0.00,0.00,1.72,Authentic radiation data from Step 5 analysis,,,,,,,
BIPV_Element,,,,,0.00,,,,,383800,,16.22,1175.00,6617.76,South,174.10,2,WindowBig01,0.00,0.00,0.00,2.62,Authentic radiation data from Step 5 analysis,,,,,,,
BIPV_Element,,,,,0.00,,,,,383802,,16.22,1175.00,6617.76,South,174.10,2,WindowBig01,0.00,0.00,0.00,2.62,Authentic radiation data from Step 5 analysis,,,,,,,
BIPV_Element,,,,,0.00,,,,,383803,,16.22,1175.00,6617.76,South,174.10,2,WindowBig01,0.00,0.00,0.00,2.62,Authentic radiation data from Step 5 analysis,,,,,,,
BIPV_Element,,,,,0.00,,,,,383804,,16.22,1175.00,6617.76,South,174.10,2,WindowBig01,0.00,0.00,0.00,2.62,Authentic radiation data from Step 5 analysis,,,,,,,
BIPV_Element,,,,,0.00,,,,,383877,,16.22,1175.00,6617.76,South,174.10,2,WindowBig01,0.00,0.00,0.00,2.62,Authentic radiation data from Step 5 analysis,,,,,,,
BIPV_Element,,,,,0.00,,,,,383878,,16.22,1175.00,6617.76,South,174.10,2,WindowBig01,0.00,0.00,0.00,2.62,Authentic radiation data from Step 5 analysis,,,,,,,
BIPV_Element,,,,,0.00,,,,,383879,,16.22,1175.00,6617.76,South,174.10,2,WindowBig01,0.00,0.00,0.00,2.62,Authentic radiation data from Step 5 analysis,,,,,,,
BIPV_Element,,,,,0.00,,,,,383887,,16.22,1175.00,6617.76,South,174.10,1,WindowBig01,0.00,0.00,0.00,2.62,Authentic radiation data from Step 5 analysis,,,,,,,
BIPV_Element,,,,,0.00,,,,,383888,,16.22,1175.00,6617.76,South,174.10,1,WindowBig01,0.00,0.00,0.00,2.62,Authentic radiation data from Step 5 analysis,,,,,,,
BIPV_Element,,,,,0.00,,,,,383889,,16.22,1175.00,6617.76,South,174.10,1,WindowBig01,0.00,0.00,0.00,2.62,Authentic radiation data from Step 5 analysis,,,,,,,
BIPV_Element,,,,,0.00,,,,,383891,,16.22,1175.00,6617.76,South,174.10,1,WindowBig01,0.00,0.00,0.00,2.62,Authentic radiation data from Step 5 analysis,,,,,,,
BIPV_Element,,,,,0.00,,,,,383892,,16.22,1175.00,6617.76,South,174.10,1,WindowBig01,0.00,0.00,0.00,2.62,Authentic radiation data from Step 5 analysis,,,,,,,
BIPV_Element,,,,,0.00,,,,,383893,,10.68,1175.00,4357.44,South,174.10,0,WindowBig01,0.00,0.00,0.00,1.72,Authentic radiation data from Step 5 analysis,,,,,,,
BIPV_Element,,,,,0.00,,,,,383896,,16.22,1175.00,6617.76,South,174.10,0,WindowBig01,0.00,0.00,0.00,2.62,Authentic radiation data from Step 5 analysis,,,,,,,
BIPV_Element,,,,,0.00,,,,,383899,,16.22,1175.00,6617.76,South,174.10,0,WindowBig01,0.00,0.00,0.00,2.62,Authentic radiation data from Step 5 analysis,,,,,,,
BIPV_Element,,,,,0.00,,,,,383926,,2.06,1175.00,840.48,South,174.10,4,WindowSmall01,0.00,0.00,0.00,0.33,Authentic radiation data from Step 5 analysis,,,,,,,
BIPV_Element,,,,,0.00,,,,,384223,,13.43,1175.00,5479.44,South,174.10,1,WindowBigArched01,0.00,0.00,0.00,2.17,Authentic radiation data from Step 5 analysis,,,,,,,
BIPV_Element,,,,,0.00,,,,,384224,,14.51,1175.00,5920.08,South,174.10,0,WindowHuge01,0.00,0.00,0.00,2.34,Authentic radiation data from Step 5 analysis,,,,,,,
BIPV_Element,,,,,0.00,,,,,384258,,2.06,1175.00,840.48,South,174.10,4,WindowSmall01,0.00,0.00,0.00,0.33,Authentic radiation data from Step 5 analysis,,,,,,,
BIPV_Element,,,,,0.00,,,,,384260,,13.43,1175.00,5479.44,South,174.10,1,WindowBigArched01,0.00,0.00,0.00,2.17,Authentic radiation data from Step 5 analysis,,,,,,,
BIPV_Element,,,,,0.00,,,,,384270,,2.06,1175.00,840.48,South,174.10,4,WindowSmall01,0.00,0.00,0.00,0.33,Authentic radiation data from Step 5 analysis,,,,,,,
BIPV_Element,,,,,0.00,,,,,384282,,13.43,1175.00,5479.44,South,174.10,1,WindowBigArched01,0.00,0.00,0.00,2.17,Authentic radiation data from Step 5 analysis,,,,,,,
BIPV_Element,,,,,0.00,,,,,384291,,2.06,1175.00,840.48,South,174.10,4,WindowSmall01,0.00,0.00,0.00,0.33,Authentic radiation data from Step 5 analysis,,,,,,,
BIPV_Element,,,,,0.00,,,,,384292,,2.06,1175.00,840.48,South,174.10,4,WindowSmall01,0.00,0.00,0.00,0.33,Authentic radiation data from Step 5 analysis,,,,,,,
BIPV_Element,,,,,0.00,,,,,384293,,13.43,1175.00,5479.44,South,174.10,1,WindowBigArched01,0.00,0.00,0.00,2.17,Authentic radiation data from Step 5 analysis,,,,,,,
BIPV_Element,,,,,0.00,,,,,384294,,14.51,1175.00,5920.08,South,174.10,0,WindowHuge01,0.00,0.00,0.00,2.34,Authentic radiation data from Step 5 analysis,,,,,,,
BIPV_Element,,,,,0.00,,,,,384302,,2.06,1175.00,840.48,South,174.10,4,WindowSmall01,0.00,0.00,0.00,0.33,Authentic radiation data from Step 5 analysis,,,,,,,
BIPV_Element,,,,,0.00,,,,,384313,,2.06,1175.00,840.48,South,174.10,4,WindowSmall01,0.00,0.00,0.00,0.33,Authentic radiation data from Step 5 analysis,,,,,,,
BIPV_Element,,,,,0.00,,,,,384314,,2.06,1175.00,840.48,South,174.10,4,WindowSmall01,0.00,0.00,0.00,0.33,Authentic radiation data from Step 5 analysis,,,,,,,
BIPV_Element,,,,,0.00,,,,,384316,,14.51,1175.00,5920.08,South,174.10,0,WindowHuge01,0.00,0.00,0.00,2.34,Authentic radiation data from Step 5 analysis,,,,,,,
BIPV_Element,,,,,0.00,,,,,384324,,2.06,1175.00,840.48,South,174.10,4,WindowSmall01,0.00,0.00,0.00,0.33,Authentic radiation data from Step 5 analysis,,,,,,,
BIPV_Element,,,,,0.00,,,,,384325,,2.06,1175.00,840.48,South,174.10,4,WindowSmall01,0.00,0.00,0.00,0.33,Authentic radiation data from Step 5 analysis,,,,,,,
BIPV_Element,,,,,0.00,,,,,384326,,13.43,1175.00,5479.44,South,174.10,1,WindowBigArched01,0.00,0.00,0.00,2.17,Authentic radiation data from Step 5 analysis,,,,,,,
BIPV_Element,,,,,0.00,,,,,384336,,2.06,1175.00,840.48,South,174.10,4,WindowSmall01,0.00,0.00,0.00,0.33,Authentic radiation data from Step 5 analysis,,,,,,,
BIPV_Element,,,,,0.00,,,,,384337,,13.43,1175.00,5479.44,South,174.10,1,WindowBigArched01,0.00,0.00,0.00,2.17,Authentic radiation data from Step 5 analysis,,,,,,,
BIPV_Element,,,,,0.00,,,,,384357,,2.06,1175.00,840.48,South,174.10,4,WindowSmall01,0.00,0.00,0.00,0.33,Authentic radiation data from Step 5 analysis,,,,,,,
BIPV_Element,,,,,0.00,,,,,384358,,2.06,1175.00,840.48,South,174.10,4,WindowSmall01,0.00,0.00,0.00,0.33,Authentic radiation data from Step 5 analysis,,,,,,,
BIPV_Element,,,,,0.00,,,,,384360,,14.51,1175.00,5920.08,South,174.10,0,WindowHuge01,0.00,0.00,0.00,2.34,Authentic radiation data from Step 5 analysis,,,,,,,
BIPV_Element,,,,,0.00,,,,,384368,,2.06,1175.00,840.48,South,174.10,4,WindowSmall01,0.00,0.00,0.00,0.33,Authentic radiation data from Step 5 analysis,,,,,,,
BIPV_Element,,,,,0.00,,,,,384369,,2.06,1175.00,840.48,South,174.10,4,WindowSmall01,0.00,0.00,0.00,0.33,Authentic radiation data from Step 5 analysis,,,,,,,
BIPV_Element,,,,,0.00,,,,,384370,,13.43,1175.00,5479.44,South,174.10,1,WindowBigArched01,0.00,0.00,0.00,2.17,Authentic radiation data from Step 5 analysis,,,,,,,
BIPV_Element,,,,,0.00,,,,,384379,,2.06,1175.00,840.48,South,174.10,4,WindowSmall01,0.00,0.00,0.00,0.33,Authentic radiation data from Step 5 analysis,,,,,,,
BIPV_Element,,,,,0.00,,,,,384381,,13.43,1175.00,5479.44,South,174.10,1,WindowBigArched01,0.00,0.00,0.00,2.17,Authentic radiation data from Step 5 analysis,,,,,,,
BIPV_Element,,,,,0.00,,,,,384382,,14.51,1175.00,5920.08,South,174.10,0,WindowHuge01,0.00,0.00,0.00,2.34,Authentic radiation data from Step 5 analysis,,,,,,,
BIPV_Element,,,,,0.00,,,,,384539,,14.51,1149.00,5920.08,South,173.60,0,WindowHuge01,0.00,0.00,0.00,2.34,Authentic radiation data from Step 5 analysis,,,,,,,
BIPV_Element,,,,,0.00,,,,,384542,,2.06,1149.00,840.48,South,173.60,4,WindowSmall01,0.00,0.00,0.00,0.33,Authentic radiation data from Step 5 analysis,,,,,,,
BIPV_Element,,,,,0.00,,,,,384546,,2.06,1149.00,840.48,South,173.60,4,WindowSmall01,0.00,0.00,0.00,0.33,Authentic radiation data from Step 5 analysis,,,,,,,
BIPV_Element,,,,,0.00,,,,,384548,,13.43,1149.00,5479.44,South,173.60,1,WindowBigArched01,0.00,0.00,0.00,2.17,Authentic radiation data from Step 5 analysis,,,,,,,
BIPV_Element,,,,,0.00,,,,,384557,,2.06,1149.00,840.48,South,173.60,4,WindowSmall01,0.00,0.00,0.00,0.33,Authentic radiation data from Step 5 analysis,,,,,,,
BIPV_Element,,,,,0.00,,,,,384559,,14.51,1149.00,5920.08,South,173.60,0,WindowHuge01,0.00,0.00,0.00,2.34,Authentic radiation data from Step 5 analysis,,,,,,,
BIPV_Element,,,,,0.00,,,,,384564,,14.51,1149.00,5920.08,South,173.60,0,WindowHuge01,0.00,0.00,0.00,2.34,Authentic radiation data from Step 5 analysis,,,,,,,
BIPV_Element,,,,,0.00,,,,,384567,,2.06,1149.00,840.48,South,173.60,4,WindowSmall01,0.00,0.00,0.00,0.33,Authentic radiation data from Step 5 analysis,,,,,,,
BIPV_Element,,,,,0.00,,,,,384569,,14.51,1149.00,5920.08,South,173.60,0,WindowHuge01,0.00,0.00,0.00,2.34,Authentic radiation data from Step 5 analysis,,,,,,,
BIPV_Element,,,,,0.00,,,,,384571,,2.06,1149.00,840.48,South,173.60,4,WindowSmall01,0.00,0.00,0.00,0.33,Authentic radiation data from Step 5 analysis,,,,,,,
BIPV_Element,,,,,0.00,,,,,384574,,14.51,1149.00,5920.08,South,173.60,0,WindowHuge01,0.00,0.00,0.00,2.34,Authentic radiation data from Step 5 analysis,,,,,,,
BIPV_Element,,,,,0.00,,,,,384576,,2.06,1149.00,840.48,South,173.60,4,WindowSmall01,0.00,0.00,0.00,0.33,Authentic radiation data from Step 5 analysis,,,,,,,
BIPV_Element,,,,,0.00,,,,,384577,,2.06,1149.00,840.48,South,173.60,4,WindowSmall01,0.00,0.00,0.00,0.33,Authentic radiation data from Step 5 analysis,,,,,,,
BIPV_Element,,,,,0.00,,,,,384578,,13.43,1149.00,5479.44,South,173.60,1,WindowBigArched01,0.00,0.00,0.00,2.17,Authentic radiation data from Step 5 analysis,,,,,,,
BIPV_Element,,,,,0.00,,,,,384583,,13.43,1149.00,5479.44,South,173.60,1,WindowBigArched01,0.00,0.00,0.00,2.17,Authentic radiation data from Step 5 analysis,,,,,,,
BIPV_Element,,,,,0.00,,,,,384589,,14.51,1149.00,5920.08,South,173.60,0,WindowHuge01,0.00,0.00,0.00,2.34,Authentic radiation data from Step 5 analysis,,,,,,,
BIPV_Element,,,,,0.00,,,,,384593,,13.43,1149.00,5479.44,South,173.60,1,WindowBigArched01,0.00,0.00,0.00,2.17,Authentic radiation data from Step 5 analysis,,,,,,,
BIPV_Element,,,,,0.00,,,,,384596,,2.06,1149.00,840.48,South,173.60,4,WindowSmall01,0.00,0.00,0.00,0.33,Authentic radiation data from Step 5 analysis,,,,,,,
BIPV_Element,,,,,0.00,,,,,384597,,2.06,1149.00,840.48,South,173.60,4,WindowSmall01,0.00,0.00,0.00,0.33,Authentic radiation data from Step 5 analysis,,,,,,,
BIPV_Element,,,,,0.00,,,,,384598,,13.43,1149.00,5479.44,South,173.60,1,WindowBigArched01,0.00,0.00,0.00,2.17,Authentic radiation data from Step 5 analysis,,,,,,,
BIPV_Element,,,,,0.00,,,,,384602,,2.06,1149.00,840.48,South,173.60,4,WindowSmall01,0.00,0.00,0.00,0.33,Authentic radiation data from Step 5 analysis,,,,,,,
BIPV_Element,,,,,0.00,,,,,384603,,13.43,1149.00,5479.44,South,173.60,1,WindowBigArched01,0.00,0.00,0.00,2.17,Authentic radiation data from Step 5 analysis,,,,,,,
BIPV_Element,,,,,0.00,,,,,384606,,2.06,1149.00,840.48,South,173.60,4,WindowSmall01,0.00,0.00,0.00,0.33,Authentic radiation data from Step 5 analysis,,,,,,,
BIPV_Element,,,,,0.00,,,,,384607,,2.06,1149.00,840.48,South,173.60,4,WindowSmall01,0.00,0.00,0.00,0.33,Authentic radiation data from Step 5 analysis,,,,,,,
BIPV_Element,,,,,0.00,,,,,384609,,14.51,1149.00,5920.08,South,173.60,0,WindowHuge01,0.00,0.00,0.00,2.34,Authentic radiation data from Step 5 analysis,,,,,,,
BIPV_Element,,,,,0.00,,,,,384612,,2.06,1149.00,840.48,South,173.60,4,WindowSmall01,0.00,0.00,0.00,0.33,Authentic radiation data from Step 5 analysis,,,,,,,
BIPV_Element,,,,,0.00,,,,,384614,,14.51,1149.00,5920.08,South,173.60,0,WindowHuge01,0.00,0.00,0.00,2.34,Authentic radiation data from Step 5 analysis,,,,,,,
BIPV_Element,,,,,0.00,,,,,384616,,2.06,1149.00,840.48,South,173.60,4,WindowSmall01,0.00,0.00,0.00,0.33,Authentic radiation data from Step 5 analysis,,,,,,,
BIPV_Element,,,,,0.00,,,,,384621,,2.06,1149.00,840.48,South,173.60,4,WindowSmall01,0.00,0.00,0.00,0.33,Authentic radiation data from Step 5 analysis,,,,,,,
BIPV_Element,,,,,0.00,,,,,384622,,2.06,1149.00,840.48,South,173.60,4,WindowSmall01,0.00,0.00,0.00,0.33,Authentic radiation data from Step 5 analysis,,,,,,,
BIPV_Element,,,,,0.00,,,,,386488,,14.51,1175.00,5920.08,South,174.10,0,WindowHuge01,0.00,0.00,0.00,2.34,Authentic radiation data from Step 5 analysis,,,,,,,
BIPV_Element,,,,,0.00,,,,,386644,,13.43,1175.00,5479.44,South,174.10,1,WindowBigArched01,0.00,0.00,0.00,2.17,Authentic radiation data from Step 5 analysis,,,,,,,
BIPV_Element,,,,,0.00,,,,,386645,,14.51,1175.00,5920.08,South,174.10,0,WindowHuge01,0.00,0.00,0.00,2.34,Authentic radiation data from Step 5 analysis,,,,,,,
BIPV_Element,,,,,0.00,,,,,386714,,13.43,1175.00,5479.44,South,174.10,1,WindowBigArched01,0.00,0.00,0.00,2.17,Authentic radiation data from Step 5 analysis,,,,,,,
BIPV_Element,,,,,0.00,,,,,386730,,14.51,1175.00,5920.08,South,174.10,0,WindowHuge01,0.00,0.00,0.00,2.34,Authentic radiation data from Step 5 analysis,,,,,,,
BIPV_Element,,,,,0.00,,,,,386744,,13.43,1175.00,5479.44,South,174.10,1,WindowBigArched01,0.00,0.00,0.00,2.17,Authentic radiation data from Step 5 analysis,,,,,,,
BIPV_Element,,,,,0.00,,,,,386771,,13.43,1175.00,5479.44,South,174.10,1,WindowBigArched01,0.00,0.00,0.00,2.17,Authentic radiation data from Step 5 analysis,,,,,,,
BIPV_Element,,,,,0.00,,,,,386775,,13.43,1175.00,5479.44,South,174.10,1,WindowBigArched01,0.00,0.00,0.00,2.17,Authentic radiation data from Step 5 analysis,,,,,,,
BIPV_Element,,,,,0.00,,,,,395201,,2.06,1175.00,840.48,South,174.10,4,WindowSmall01,0.00,0.00,0.00,0.33,Authentic radiation data from Step 5 analysis,,,,,,,
BIPV_Element,,,,,0.00,,,,,395207,,2.06,1175.00,840.48,South,174.10,4,WindowSmall01,0.00,0.00,0.00,0.33,Authentic radiation data from Step 5 analysis,,,,,,,
BIPV_Element,,,,,0.00,,,,,395211,,2.06,1175.00,840.48,South,174.10,4,WindowSmall01,0.00,0.00,0.00,0.33,Authentic radiation data from Step 5 analysis,,,,,,,
BIPV_Element,,,,,0.00,,,,,395267,,2.06,1175.00,840.48,South,174.10,4,WindowSmall01,0.00,0.00,0.00,0.33,Authentic radiation data from Step 5 analysis,,,,,,,
BIPV_Element,,,,,0.00,,,,,395272,,2.06,1175.00,840.48,South,174.10,4,WindowSmall01,0.00,0.00,0.00,0.33,Authentic radiation data from Step 5 analysis,,,,,,,
BIPV_Element,,,,,0.00,,,,,395278,,2.06,1175.00,840.48,South,174.10,4,WindowSmall01,0.00,0.00,0.00,0.33,Authentic radiation data from Step 5 analysis,,,,,,,
BIPV_Element,,,,,0.00,,,,,395282,,2.06,1175.00,840.48,South,174.10,4,WindowSmall01,0.00,0.00,0.00,0.33,Authentic radiation data from Step 5 analysis,,,,,,,
BIPV_Element,,,,,0.00,,,,,395283,,2.06,1175.00,840.48,South,174.10,4,WindowSmall01,0.00,0.00,0.00,0.33,Authentic radiation data from Step 5 analysis,,,,,,,
BIPV_Element,,,,,0.00,,,,,395348,,2.06,1175.00,840.48,South,174.10,4,WindowSmall01,0.00,0.00,0.00,0.33,Authentic radiation data from Step 5 analysis,,,,,,,
BIPV_Element,,,,,0.00,,,,,395349,,2.06,1175.00,840.48,South,174.10,4,WindowSmall01,0.00,0.00,0.00,0.33,Authentic radiation data from Step 5 analysis,,,,,,,
BIPV_Element,,,,,0.00,,,,,395352,,2.06,1175.00,840.48,South,174.10,4,WindowSmall01,0.00,0.00,0.00,0.33,Authentic radiation data from Step 5 analysis,,,,,,,
BIPV_Element,,,,,0.00,,,,,395353,,2.06,1175.00,840.48,South,174.10,4,WindowSmall01,0.00,0.00,0.00,0.33,Authentic radiation data from Step 5 analysis,,,,,,,
BIPV_Element,,,,,0.00,,,,,395355,,2.06,1175.00,840.48,South,174.10,4,WindowSmall01,0.00,0.00,0.00,0.33,Authentic radiation data from Step 5 analysis,,,,,,,
BIPV_Element,,,,,0.00,,,,,395453,,2.06,1175.00,840.48,South,174.10,4,WindowSmall01,0.00,0.00,0.00,0.33,Authentic radiation data from Step 5 analysis,,,,,,,
BIPV_Element,,,,,0.00,,,,,395454,,2.06,1175.00,840.48,South,174.10,4,WindowSmall01,0.00,0.00,0.00,0.33,Authentic radiation data from Step 5 analysis,,,,,,,
BIPV_Element,,,,,0.00,,,,,395508,,2.06,1175.00,840.48,South,174.10,4,WindowSmall01,0.00,0.00,0.00,0.33,Authentic radiation data from Step 5 analysis,,,,,,,
Financial_Summary,,,,,,,,,,,,,,,,,,,,,,,Calculated totals for Solution Solution_138,337.00,3197.32,516.37,0.00,1304506.56,2526.32,0.00
