Element_ID,Wall_Element_ID,Building_Level,Orientation,Glass_Area_m2,Window_Width_m,Window_Height_m,Azimuth_degrees,Annual_Radiation_kWh_m2,PV_Suitable,BIPV_Technology,BIPV_Efficiency_%,BIPV_Transparency_%,BIPV_Power_Density_W_m2,System_Capacity_kW,Annual_Generation_kWh,Cost_per_m2_EUR,Total_System_Cost_EUR,Payback_Period_Years,Solution_Number,Solution_Status
# Project: TU Berlin Building H - PhD final calculations.
# Electricity Rate Used: 0.315 EUR/kWh

350544,342225,5,South,10.68,4.0,2.67,174.1,925.0,YES,Heliatek HeliaSol,8.9,15.0,85.0,0.77,747.0,298.0,3177.0,13.5,Solution_567,OPTIMAL_SOLUTION
350614,342319,5,South,10.68,4.0,2.67,174.1,925.0,YES,Heliatek HeliaSol,8.9,15.0,85.0,0.77,747.0,298.0,3177.0,13.5,Solution_567,OPTIMAL_SOLUTION
350635,342319,5,South,16.22,4.93,3.29,174.1,925.0,YES,Heliatek HeliaSol,8.9,15.0,85.0,1.17,1135.0,298.0,4825.0,13.5,Solution_567,OPTIMAL_SOLUTION
350640,342319,5,South,16.22,4.93,3.29,174.1,925.0,YES,Heliatek HeliaSol,8.9,15.0,85.0,1.17,1135.0,298.0,4825.0,13.5,Solution_567,OPTIMAL_SOLUTION
350645,342319,5,South,16.22,4.93,3.29,174.1,925.0,YES,Heliatek HeliaSol,8.9,15.0,85.0,1.17,1135.0,298.0,4825.0,13.5,Solution_567,OPTIMAL_SOLUTION
350650,342319,5,South,16.22,4.93,3.29,174.1,925.0,YES,Heliatek HeliaSol,8.9,15.0,85.0,1.17,1135.0,298.0,4825.0,13.5,Solution_567,OPTIMAL_SOLUTION
350655,342319,5,South,16.22,4.93,3.29,174.1,925.0,YES,Heliatek HeliaSol,8.9,15.0,85.0,1.17,1135.0,298.0,4825.0,13.5,Solution_567,OPTIMAL_SOLUTION
350660,342319,5,South,16.22,4.93,3.29,174.1,925.0,YES,Heliatek HeliaSol,8.9,15.0,85.0,1.17,1135.0,298.0,4825.0,13.5,Solution_567,OPTIMAL_SOLUTION
350665,342319,5,South,16.22,4.93,3.29,174.1,925.0,YES,Heliatek HeliaSol,8.9,15.0,85.0,1.17,1135.0,298.0,4825.0,13.5,Solution_567,OPTIMAL_SOLUTION
350822,342319,5,South,10.68,4.0,2.67,174.1,925.0,YES,Heliatek HeliaSol,8.9,15.0,85.0,0.77,747.0,298.0,3177.0,13.5,Solution_567,OPTIMAL_SOLUTION
350823,342319,5,South,10.68,4.0,2.67,174.1,925.0,YES,Heliatek HeliaSol,8.9,15.0,85.0,0.77,747.0,298.0,3177.0,13.5,Solution_567,OPTIMAL_SOLUTION
350824,342319,5,South,16.22,4.93,3.29,174.1,925.0,YES,Heliatek HeliaSol,8.9,15.0,85.0,1.17,1135.0,298.0,4825.0,13.5,Solution_567,OPTIMAL_SOLUTION
350825,342319,5,South,16.22,4.93,3.29,174.1,925.0,YES,Heliatek HeliaSol,8.9,15.0,85.0,1.17,1135.0,298.0,4825.0,13.5,Solution_567,OPTIMAL_SOLUTION
350826,342319,5,South,16.22,4.93,3.29,174.1,925.0,YES,Heliatek HeliaSol,8.9,15.0,85.0,1.17,1135.0,298.0,4825.0,13.5,Solution_567,OPTIMAL_SOLUTION
350827,342319,5,South,16.22,4.93,3.29,174.1,925.0,YES,Heliatek HeliaSol,8.9,15.0,85.0,1.17,1135.0,298.0,4825.0,13.5,Solution_567,OPTIMAL_SOLUTION
350828,342319,5,South,16.22,4.93,3.29,174.1,925.0,YES,Heliatek HeliaSol,8.9,15.0,85.0,1.17,1135.0,298.0,4825.0,13.5,Solution_567,OPTIMAL_SOLUTION
350829,342319,5,South,16.22,4.93,3.29,174.1,925.0,YES,Heliatek HeliaSol,8.9,15.0,85.0,1.17,1135.0,298.0,4825.0,13.5,Solution_567,OPTIMAL_SOLUTION
350830,342319,5,South,16.22,4.93,3.29,174.1,925.0,YES,Heliatek HeliaSol,8.9,15.0,85.0,1.17,1135.0,298.0,4825.0,13.5,Solution_567,OPTIMAL_SOLUTION
350859,342319,6,South,10.68,4.0,2.67,174.1,925.0,YES,Heliatek HeliaSol,8.9,15.0,85.0,0.77,747.0,298.0,3177.0,13.5,Solution_567,OPTIMAL_SOLUTION
350860,342319,6,South,10.68,4.0,2.67,174.1,925.0,YES,Heliatek HeliaSol,8.9,15.0,85.0,0.77,747.0,298.0,3177.0,13.5,Solution_567,OPTIMAL_SOLUTION
350861,342319,6,South,16.22,4.93,3.29,174.1,925.0,YES,Heliatek HeliaSol,8.9,15.0,85.0,1.17,1135.0,298.0,4825.0,13.5,Solution_567,OPTIMAL_SOLUTION
350862,342319,6,South,16.22,4.93,3.29,174.1,925.0,YES,Heliatek HeliaSol,8.9,15.0,85.0,1.17,1135.0,298.0,4825.0,13.5,Solution_567,OPTIMAL_SOLUTION
350863,342319,6,South,16.22,4.93,3.29,174.1,925.0,YES,Heliatek HeliaSol,8.9,15.0,85.0,1.17,1135.0,298.0,4825.0,13.5,Solution_567,OPTIMAL_SOLUTION
350864,342319,6,South,16.22,4.93,3.29,174.1,925.0,YES,Heliatek HeliaSol,8.9,15.0,85.0,1.17,1135.0,298.0,4825.0,13.5,Solution_567,OPTIMAL_SOLUTION
350865,342319,6,South,16.22,4.93,3.29,174.1,925.0,YES,Heliatek HeliaSol,8.9,15.0,85.0,1.17,1135.0,298.0,4825.0,13.5,Solution_567,OPTIMAL_SOLUTION
350866,342319,6,South,16.22,4.93,3.29,174.1,925.0,YES,Heliatek HeliaSol,8.9,15.0,85.0,1.17,1135.0,298.0,4825.0,13.5,Solution_567,OPTIMAL_SOLUTION
350867,342319,6,South,16.22,4.93,3.29,174.1,925.0,YES,Heliatek HeliaSol,8.9,15.0,85.0,1.17,1135.0,298.0,4825.0,13.5,Solution_567,OPTIMAL_SOLUTION
350868,342319,6,South,10.68,4.0,2.67,174.1,925.0,YES,Heliatek HeliaSol,8.9,15.0,85.0,0.77,747.0,298.0,3177.0,13.5,Solution_567,OPTIMAL_SOLUTION
350869,342319,6,South,10.68,4.0,2.67,174.1,925.0,YES,Heliatek HeliaSol,8.9,15.0,85.0,0.77,747.0,298.0,3177.0,13.5,Solution_567,OPTIMAL_SOLUTION
350870,342319,6,South,16.22,4.93,3.29,174.1,925.0,YES,Heliatek HeliaSol,8.9,15.0,85.0,1.17,1135.0,298.0,4825.0,13.5,Solution_567,OPTIMAL_SOLUTION
350871,342319,6,South,16.22,4.93,3.29,174.1,925.0,YES,Heliatek HeliaSol,8.9,15.0,85.0,1.17,1135.0,298.0,4825.0,13.5,Solution_567,OPTIMAL_SOLUTION
350872,342319,6,South,16.22,4.93,3.29,174.1,925.0,YES,Heliatek HeliaSol,8.9,15.0,85.0,1.17,1135.0,298.0,4825.0,13.5,Solution_567,OPTIMAL_SOLUTION
350873,342319,6,South,16.22,4.93,3.29,174.1,925.0,YES,Heliatek HeliaSol,8.9,15.0,85.0,1.17,1135.0,298.0,4825.0,13.5,Solution_567,OPTIMAL_SOLUTION
350874,342319,6,South,16.22,4.93,3.29,174.1,925.0,YES,Heliatek HeliaSol,8.9,15.0,85.0,1.17,1135.0,298.0,4825.0,13.5,Solution_567,OPTIMAL_SOLUTION
350875,342319,6,South,16.22,4.93,3.29,174.1,925.0,YES,Heliatek HeliaSol,8.9,15.0,85.0,1.17,1135.0,298.0,4825.0,13.5,Solution_567,OPTIMAL_SOLUTION
350876,342319,6,South,16.22,4.93,3.29,174.1,925.0,YES,Heliatek HeliaSol,8.9,15.0,85.0,1.17,1135.0,298.0,4825.0,13.5,Solution_567,OPTIMAL_SOLUTION
350881,342319,7,South,10.68,4.0,2.67,174.1,925.0,YES,Heliatek HeliaSol,8.9,15.0,85.0,0.77,747.0,298.0,3177.0,13.5,Solution_567,OPTIMAL_SOLUTION
350882,342319,7,South,10.68,4.0,2.67,174.1,925.0,YES,Heliatek HeliaSol,8.9,15.0,85.0,0.77,747.0,298.0,3177.0,13.5,Solution_567,OPTIMAL_SOLUTION
350883,342319,7,South,16.22,4.93,3.29,174.1,925.0,YES,Heliatek HeliaSol,8.9,15.0,85.0,1.17,1135.0,298.0,4825.0,13.5,Solution_567,OPTIMAL_SOLUTION
350884,342319,7,South,16.22,4.93,3.29,174.1,925.0,YES,Heliatek HeliaSol,8.9,15.0,85.0,1.17,1135.0,298.0,4825.0,13.5,Solution_567,OPTIMAL_SOLUTION
350885,342319,7,South,16.22,4.93,3.29,174.1,925.0,YES,Heliatek HeliaSol,8.9,15.0,85.0,1.17,1135.0,298.0,4825.0,13.5,Solution_567,OPTIMAL_SOLUTION
350886,342319,7,South,16.22,4.93,3.29,174.1,925.0,YES,Heliatek HeliaSol,8.9,15.0,85.0,1.17,1135.0,298.0,4825.0,13.5,Solution_567,OPTIMAL_SOLUTION
350887,342319,7,South,16.22,4.93,3.29,174.1,925.0,YES,Heliatek HeliaSol,8.9,15.0,85.0,1.17,1135.0,298.0,4825.0,13.5,Solution_567,OPTIMAL_SOLUTION
350888,342319,7,South,16.22,4.93,3.29,174.1,925.0,YES,Heliatek HeliaSol,8.9,15.0,85.0,1.17,1135.0,298.0,4825.0,13.5,Solution_567,OPTIMAL_SOLUTION
350889,342319,7,South,16.22,4.93,3.29,174.1,925.0,YES,Heliatek HeliaSol,8.9,15.0,85.0,1.17,1135.0,298.0,4825.0,13.5,Solution_567,OPTIMAL_SOLUTION
350890,342319,7,South,10.68,4.0,2.67,174.1,925.0,YES,Heliatek HeliaSol,8.9,15.0,85.0,0.77,747.0,298.0,3177.0,13.5,Solution_567,OPTIMAL_SOLUTION
350891,342319,7,South,10.68,4.0,2.67,174.1,925.0,YES,Heliatek HeliaSol,8.9,15.0,85.0,0.77,747.0,298.0,3177.0,13.5,Solution_567,OPTIMAL_SOLUTION
350892,342319,7,South,16.22,4.93,3.29,174.1,925.0,YES,Heliatek HeliaSol,8.9,15.0,85.0,1.17,1135.0,298.0,4825.0,13.5,Solution_567,OPTIMAL_SOLUTION
350893,342319,7,South,16.22,4.93,3.29,174.1,925.0,YES,Heliatek HeliaSol,8.9,15.0,85.0,1.17,1135.0,298.0,4825.0,13.5,Solution_567,OPTIMAL_SOLUTION
350894,342319,7,South,16.22,4.93,3.29,174.1,925.0,YES,Heliatek HeliaSol,8.9,15.0,85.0,1.17,1135.0,298.0,4825.0,13.5,Solution_567,OPTIMAL_SOLUTION
350895,342319,7,South,16.22,4.93,3.29,174.1,925.0,YES,Heliatek HeliaSol,8.9,15.0,85.0,1.17,1135.0,298.0,4825.0,13.5,Solution_567,OPTIMAL_SOLUTION
350896,342319,7,South,16.22,4.93,3.29,174.1,925.0,YES,Heliatek HeliaSol,8.9,15.0,85.0,1.17,1135.0,298.0,4825.0,13.5,Solution_567,OPTIMAL_SOLUTION
350897,342319,7,South,16.22,4.93,3.29,174.1,925.0,YES,Heliatek HeliaSol,8.9,15.0,85.0,1.17,1135.0,298.0,4825.0,13.5,Solution_567,OPTIMAL_SOLUTION
350898,342319,7,South,16.22,4.93,3.29,174.1,925.0,YES,Heliatek HeliaSol,8.9,15.0,85.0,1.17,1135.0,298.0,4825.0,13.5,Solution_567,OPTIMAL_SOLUTION
350903,342319,8,South,10.68,4.0,2.67,174.1,925.0,YES,Heliatek HeliaSol,8.9,15.0,85.0,0.77,747.0,298.0,3177.0,13.5,Solution_567,OPTIMAL_SOLUTION
350904,342319,8,South,10.68,4.0,2.67,174.1,925.0,YES,Heliatek HeliaSol,8.9,15.0,85.0,0.77,747.0,298.0,3177.0,13.5,Solution_567,OPTIMAL_SOLUTION
350905,342319,8,South,16.22,4.93,3.29,174.1,925.0,YES,Heliatek HeliaSol,8.9,15.0,85.0,1.17,1135.0,298.0,4825.0,13.5,Solution_567,OPTIMAL_SOLUTION
350906,342319,8,South,16.22,4.93,3.29,174.1,925.0,YES,Heliatek HeliaSol,8.9,15.0,85.0,1.17,1135.0,298.0,4825.0,13.5,Solution_567,OPTIMAL_SOLUTION
350907,342319,8,South,16.22,4.93,3.29,174.1,925.0,YES,Heliatek HeliaSol,8.9,15.0,85.0,1.17,1135.0,298.0,4825.0,13.5,Solution_567,OPTIMAL_SOLUTION
350908,342319,8,South,16.22,4.93,3.29,174.1,925.0,YES,Heliatek HeliaSol,8.9,15.0,85.0,1.17,1135.0,298.0,4825.0,13.5,Solution_567,OPTIMAL_SOLUTION
350909,342319,8,South,16.22,4.93,3.29,174.1,925.0,YES,Heliatek HeliaSol,8.9,15.0,85.0,1.17,1135.0,298.0,4825.0,13.5,Solution_567,OPTIMAL_SOLUTION
350910,342319,8,South,16.22,4.93,3.29,174.1,925.0,YES,Heliatek HeliaSol,8.9,15.0,85.0,1.17,1135.0,298.0,4825.0,13.5,Solution_567,OPTIMAL_SOLUTION
350911,342319,8,South,16.22,4.93,3.29,174.1,925.0,YES,Heliatek HeliaSol,8.9,15.0,85.0,1.17,1135.0,298.0,4825.0,13.5,Solution_567,OPTIMAL_SOLUTION
350912,342319,8,South,10.68,4.0,2.67,174.1,925.0,YES,Heliatek HeliaSol,8.9,15.0,85.0,0.77,747.0,298.0,3177.0,13.5,Solution_567,OPTIMAL_SOLUTION
350913,342319,8,South,10.68,4.0,2.67,174.1,925.0,YES,Heliatek HeliaSol,8.9,15.0,85.0,0.77,747.0,298.0,3177.0,13.5,Solution_567,OPTIMAL_SOLUTION
350914,342319,8,South,16.22,4.93,3.29,174.1,925.0,YES,Heliatek HeliaSol,8.9,15.0,85.0,1.17,1135.0,298.0,4825.0,13.5,Solution_567,OPTIMAL_SOLUTION
350915,342319,8,South,16.22,4.93,3.29,174.1,925.0,YES,Heliatek HeliaSol,8.9,15.0,85.0,1.17,1135.0,298.0,4825.0,13.5,Solution_567,OPTIMAL_SOLUTION
350916,342319,8,South,16.22,4.93,3.29,174.1,925.0,YES,Heliatek HeliaSol,8.9,15.0,85.0,1.17,1135.0,298.0,4825.0,13.5,Solution_567,OPTIMAL_SOLUTION
350917,342319,8,South,16.22,4.93,3.29,174.1,925.0,YES,Heliatek HeliaSol,8.9,15.0,85.0,1.17,1135.0,298.0,4825.0,13.5,Solution_567,OPTIMAL_SOLUTION
350918,342319,8,South,16.22,4.93,3.29,174.1,925.0,YES,Heliatek HeliaSol,8.9,15.0,85.0,1.17,1135.0,298.0,4825.0,13.5,Solution_567,OPTIMAL_SOLUTION
350919,342319,8,South,16.22,4.93,3.29,174.1,925.0,YES,Heliatek HeliaSol,8.9,15.0,85.0,1.17,1135.0,298.0,4825.0,13.5,Solution_567,OPTIMAL_SOLUTION
350920,342319,8,South,16.22,4.93,3.29,174.1,925.0,YES,Heliatek HeliaSol,8.9,15.0,85.0,1.17,1135.0,298.0,4825.0,13.5,Solution_567,OPTIMAL_SOLUTION
354772,352360,3,North,820.24,35.08,23.38,354.1,233.0,YES,Heliatek HeliaSol,8.9,15.0,85.0,59.26,15637.0,298.0,244021.0,49.5,Solution_567,OPTIMAL_SOLUTION
354939,342603,1,North,1351.44,45.02,30.02,354.1,252.0,YES,Heliatek HeliaSol,8.9,15.0,85.0,97.64,25764.0,297.0,402053.0,49.5,Solution_567,OPTIMAL_SOLUTION
354944,352360,2,North,820.24,35.08,23.38,354.1,252.0,YES,Heliatek HeliaSol,8.9,15.0,85.0,59.26,15637.0,298.0,244021.0,49.5,Solution_567,OPTIMAL_SOLUTION
354949,352360,4,North,820.24,35.08,23.38,354.1,233.0,YES,Heliatek HeliaSol,8.9,15.0,85.0,59.26,15637.0,298.0,244021.0,49.5,Solution_567,OPTIMAL_SOLUTION
354954,352360,5,North,820.24,35.08,23.38,354.1,252.0,YES,Heliatek HeliaSol,8.9,15.0,85.0,59.26,15637.0,298.0,244021.0,49.5,Solution_567,OPTIMAL_SOLUTION
354959,352360,6,North,820.24,35.08,23.38,354.1,252.0,YES,Heliatek HeliaSol,8.9,15.0,85.0,59.26,15637.0,298.0,244021.0,49.5,Solution_567,OPTIMAL_SOLUTION
354964,352360,7,North,820.24,35.08,23.38,354.1,252.0,YES,Heliatek HeliaSol,8.9,15.0,85.0,59.26,15637.0,298.0,244021.0,49.5,Solution_567,OPTIMAL_SOLUTION
354969,352360,8,North,820.24,35.08,23.38,354.1,252.0,YES,Heliatek HeliaSol,8.9,15.0,85.0,59.26,15637.0,298.0,244021.0,49.5,Solution_567,OPTIMAL_SOLUTION
355915,342319,6,South,44.04,8.13,5.42,174.1,925.0,YES,Heliatek HeliaSol,8.9,15.0,85.0,3.18,3082.0,298.0,13102.0,13.5,Solution_567,OPTIMAL_SOLUTION
355916,342319,6,South,44.04,8.13,5.42,174.1,1058.0,YES,Heliatek HeliaSol,8.9,15.0,85.0,3.18,3082.0,298.0,13102.0,13.5,Solution_567,OPTIMAL_SOLUTION
355917,342319,6,South,44.04,8.13,5.42,174.1,1058.0,YES,Heliatek HeliaSol,8.9,15.0,85.0,3.18,3082.0,298.0,13102.0,13.5,Solution_567,OPTIMAL_SOLUTION
355921,342319,7,South,44.04,8.13,5.42,174.1,925.0,YES,Heliatek HeliaSol,8.9,15.0,85.0,3.18,3082.0,298.0,13102.0,13.5,Solution_567,OPTIMAL_SOLUTION
355922,342319,7,South,44.04,8.13,5.42,174.1,1058.0,YES,Heliatek HeliaSol,8.9,15.0,85.0,3.18,3082.0,298.0,13102.0,13.5,Solution_567,OPTIMAL_SOLUTION
355923,342319,7,South,44.04,8.13,5.42,174.1,1058.0,YES,Heliatek HeliaSol,8.9,15.0,85.0,3.18,3082.0,298.0,13102.0,13.5,Solution_567,OPTIMAL_SOLUTION
355927,342319,8,South,44.04,8.13,5.42,174.1,925.0,YES,Heliatek HeliaSol,8.9,15.0,85.0,3.18,3082.0,298.0,13102.0,13.5,Solution_567,OPTIMAL_SOLUTION
355928,342319,8,South,44.04,8.13,5.42,174.1,925.0,YES,Heliatek HeliaSol,8.9,15.0,85.0,3.18,3082.0,298.0,13102.0,13.5,Solution_567,OPTIMAL_SOLUTION
355929,342319,8,South,44.04,8.13,5.42,174.1,1112.0,YES,Heliatek HeliaSol,8.9,15.0,85.0,3.18,3082.0,298.0,13102.0,13.5,Solution_567,OPTIMAL_SOLUTION
367761,342222,0,North,543.15,28.54,19.03,354.1,252.0,YES,Heliatek HeliaSol,8.9,15.0,85.0,39.24,10355.0,297.0,161587.0,49.5,Solution_567,OPTIMAL_SOLUTION
383684,342320,4,South,10.68,4.0,2.67,174.1,925.0,YES,Heliatek HeliaSol,8.9,15.0,85.0,0.77,747.0,298.0,3177.0,13.5,Solution_567,OPTIMAL_SOLUTION
383685,342320,4,South,10.68,4.0,2.67,174.1,925.0,YES,Heliatek HeliaSol,8.9,15.0,85.0,0.77,747.0,298.0,3177.0,13.5,Solution_567,OPTIMAL_SOLUTION
383686,342320,4,South,16.22,4.93,3.29,174.1,925.0,YES,Heliatek HeliaSol,8.9,15.0,85.0,1.17,1135.0,298.0,4825.0,13.5,Solution_567,OPTIMAL_SOLUTION
383687,342320,4,South,16.22,4.93,3.29,174.1,925.0,YES,Heliatek HeliaSol,8.9,15.0,85.0,1.17,1135.0,298.0,4825.0,13.5,Solution_567,OPTIMAL_SOLUTION
383688,342320,4,South,16.22,4.93,3.29,174.1,925.0,YES,Heliatek HeliaSol,8.9,15.0,85.0,1.17,1135.0,298.0,4825.0,13.5,Solution_567,OPTIMAL_SOLUTION
383689,342320,4,South,16.22,4.93,3.29,174.1,925.0,YES,Heliatek HeliaSol,8.9,15.0,85.0,1.17,1135.0,298.0,4825.0,13.5,Solution_567,OPTIMAL_SOLUTION
383690,342320,4,South,16.22,4.93,3.29,174.1,925.0,YES,Heliatek HeliaSol,8.9,15.0,85.0,1.17,1135.0,298.0,4825.0,13.5,Solution_567,OPTIMAL_SOLUTION
383691,342320,4,South,16.22,4.93,3.29,174.1,925.0,YES,Heliatek HeliaSol,8.9,15.0,85.0,1.17,1135.0,298.0,4825.0,13.5,Solution_567,OPTIMAL_SOLUTION
383692,342320,4,South,16.22,4.93,3.29,174.1,925.0,YES,Heliatek HeliaSol,8.9,15.0,85.0,1.17,1135.0,298.0,4825.0,13.5,Solution_567,OPTIMAL_SOLUTION
383779,342320,3,South,10.68,4.0,2.67,174.1,925.0,YES,Heliatek HeliaSol,8.9,15.0,85.0,0.77,747.0,298.0,3177.0,13.5,Solution_567,OPTIMAL_SOLUTION
383780,342320,3,South,10.68,4.0,2.67,174.1,925.0,YES,Heliatek HeliaSol,8.9,15.0,85.0,0.77,747.0,298.0,3177.0,13.5,Solution_567,OPTIMAL_SOLUTION
383781,342320,3,South,16.22,4.93,3.29,174.1,925.0,YES,Heliatek HeliaSol,8.9,15.0,85.0,1.17,1135.0,298.0,4825.0,13.5,Solution_567,OPTIMAL_SOLUTION
383782,342320,3,South,16.22,4.93,3.29,174.1,925.0,YES,Heliatek HeliaSol,8.9,15.0,85.0,1.17,1135.0,298.0,4825.0,13.5,Solution_567,OPTIMAL_SOLUTION
383783,342320,3,South,16.22,4.93,3.29,174.1,925.0,YES,Heliatek HeliaSol,8.9,15.0,85.0,1.17,1135.0,298.0,4825.0,13.5,Solution_567,OPTIMAL_SOLUTION
383784,342320,3,South,16.22,4.93,3.29,174.1,925.0,YES,Heliatek HeliaSol,8.9,15.0,85.0,1.17,1135.0,298.0,4825.0,13.5,Solution_567,OPTIMAL_SOLUTION
383785,342320,3,South,16.22,4.93,3.29,174.1,925.0,YES,Heliatek HeliaSol,8.9,15.0,85.0,1.17,1135.0,298.0,4825.0,13.5,Solution_567,OPTIMAL_SOLUTION
383786,342320,3,South,16.22,4.93,3.29,174.1,925.0,YES,Heliatek HeliaSol,8.9,15.0,85.0,1.17,1135.0,298.0,4825.0,13.5,Solution_567,OPTIMAL_SOLUTION
383787,342320,3,South,16.22,4.93,3.29,174.1,925.0,YES,Heliatek HeliaSol,8.9,15.0,85.0,1.17,1135.0,298.0,4825.0,13.5,Solution_567,OPTIMAL_SOLUTION
383797,342320,2,South,10.68,4.0,2.67,174.1,925.0,YES,Heliatek HeliaSol,8.9,15.0,85.0,0.77,747.0,298.0,3177.0,13.5,Solution_567,OPTIMAL_SOLUTION
383798,342320,2,South,10.68,4.0,2.67,174.1,925.0,YES,Heliatek HeliaSol,8.9,15.0,85.0,0.77,747.0,298.0,3177.0,13.5,Solution_567,OPTIMAL_SOLUTION
383799,342320,2,South,16.22,4.93,3.29,174.1,925.0,YES,Heliatek HeliaSol,8.9,15.0,85.0,1.17,1135.0,298.0,4825.0,13.5,Solution_567,OPTIMAL_SOLUTION
383800,342320,2,South,16.22,4.93,3.29,174.1,925.0,YES,Heliatek HeliaSol,8.9,15.0,85.0,1.17,1135.0,298.0,4825.0,13.5,Solution_567,OPTIMAL_SOLUTION
383801,342320,2,South,16.22,4.93,3.29,174.1,925.0,YES,Heliatek HeliaSol,8.9,15.0,85.0,1.17,1135.0,298.0,4825.0,13.5,Solution_567,OPTIMAL_SOLUTION
383802,342320,2,South,16.22,4.93,3.29,174.1,925.0,YES,Heliatek HeliaSol,8.9,15.0,85.0,1.17,1135.0,298.0,4825.0,13.5,Solution_567,OPTIMAL_SOLUTION
383803,342320,2,South,16.22,4.93,3.29,174.1,925.0,YES,Heliatek HeliaSol,8.9,15.0,85.0,1.17,1135.0,298.0,4825.0,13.5,Solution_567,OPTIMAL_SOLUTION
383804,342320,2,South,16.22,4.93,3.29,174.1,925.0,YES,Heliatek HeliaSol,8.9,15.0,85.0,1.17,1135.0,298.0,4825.0,13.5,Solution_567,OPTIMAL_SOLUTION
383805,342320,2,South,16.22,4.93,3.29,174.1,925.0,YES,Heliatek HeliaSol,8.9,15.0,85.0,1.17,1135.0,298.0,4825.0,13.5,Solution_567,OPTIMAL_SOLUTION
383875,342320,2,South,10.68,4.0,2.67,174.1,925.0,YES,Heliatek HeliaSol,8.9,15.0,85.0,0.77,747.0,298.0,3177.0,13.5,Solution_567,OPTIMAL_SOLUTION
383876,342320,2,South,10.68,4.0,2.67,174.1,925.0,YES,Heliatek HeliaSol,8.9,15.0,85.0,0.77,747.0,298.0,3177.0,13.5,Solution_567,OPTIMAL_SOLUTION
383877,342320,2,South,16.22,4.93,3.29,174.1,925.0,YES,Heliatek HeliaSol,8.9,15.0,85.0,1.17,1135.0,298.0,4825.0,13.5,Solution_567,OPTIMAL_SOLUTION
383878,342320,2,South,16.22,4.93,3.29,174.1,925.0,YES,Heliatek HeliaSol,8.9,15.0,85.0,1.17,1135.0,298.0,4825.0,13.5,Solution_567,OPTIMAL_SOLUTION
383879,342320,2,South,16.22,4.93,3.29,174.1,925.0,YES,Heliatek HeliaSol,8.9,15.0,85.0,1.17,1135.0,298.0,4825.0,13.5,Solution_567,OPTIMAL_SOLUTION
383880,342320,2,South,16.22,4.93,3.29,174.1,925.0,YES,Heliatek HeliaSol,8.9,15.0,85.0,1.17,1135.0,298.0,4825.0,13.5,Solution_567,OPTIMAL_SOLUTION
383881,342320,2,South,16.22,4.93,3.29,174.1,925.0,YES,Heliatek HeliaSol,8.9,15.0,85.0,1.17,1135.0,298.0,4825.0,13.5,Solution_567,OPTIMAL_SOLUTION
383882,342320,2,South,16.22,4.93,3.29,174.1,925.0,YES,Heliatek HeliaSol,8.9,15.0,85.0,1.17,1135.0,298.0,4825.0,13.5,Solution_567,OPTIMAL_SOLUTION
383883,342320,2,South,16.22,4.93,3.29,174.1,925.0,YES,Heliatek HeliaSol,8.9,15.0,85.0,1.17,1135.0,298.0,4825.0,13.5,Solution_567,OPTIMAL_SOLUTION
383884,342320,1,South,10.68,4.0,2.67,174.1,925.0,YES,Heliatek HeliaSol,8.9,15.0,85.0,0.77,747.0,298.0,3177.0,13.5,Solution_567,OPTIMAL_SOLUTION
383885,342320,1,South,10.68,4.0,2.67,174.1,925.0,YES,Heliatek HeliaSol,8.9,15.0,85.0,0.77,747.0,298.0,3177.0,13.5,Solution_567,OPTIMAL_SOLUTION
383886,342320,1,South,16.22,4.93,3.29,174.1,925.0,YES,Heliatek HeliaSol,8.9,15.0,85.0,1.17,1135.0,298.0,4825.0,13.5,Solution_567,OPTIMAL_SOLUTION
383887,342320,1,South,16.22,4.93,3.29,174.1,925.0,YES,Heliatek HeliaSol,8.9,15.0,85.0,1.17,1135.0,298.0,4825.0,13.5,Solution_567,OPTIMAL_SOLUTION
383888,342320,1,South,16.22,4.93,3.29,174.1,925.0,YES,Heliatek HeliaSol,8.9,15.0,85.0,1.17,1135.0,298.0,4825.0,13.5,Solution_567,OPTIMAL_SOLUTION
383889,342320,1,South,16.22,4.93,3.29,174.1,925.0,YES,Heliatek HeliaSol,8.9,15.0,85.0,1.17,1135.0,298.0,4825.0,13.5,Solution_567,OPTIMAL_SOLUTION
383890,342320,1,South,16.22,4.93,3.29,174.1,925.0,YES,Heliatek HeliaSol,8.9,15.0,85.0,1.17,1135.0,298.0,4825.0,13.5,Solution_567,OPTIMAL_SOLUTION
383891,342320,1,South,16.22,4.93,3.29,174.1,925.0,YES,Heliatek HeliaSol,8.9,15.0,85.0,1.17,1135.0,298.0,4825.0,13.5,Solution_567,OPTIMAL_SOLUTION
383892,342320,1,South,16.22,4.93,3.29,174.1,925.0,YES,Heliatek HeliaSol,8.9,15.0,85.0,1.17,1135.0,298.0,4825.0,13.5,Solution_567,OPTIMAL_SOLUTION
383893,342319,0,South,10.68,4.0,2.67,174.1,925.0,YES,Heliatek HeliaSol,8.9,15.0,85.0,0.77,747.0,298.0,3177.0,13.5,Solution_567,OPTIMAL_SOLUTION
383894,342319,0,South,10.68,4.0,2.67,174.1,925.0,YES,Heliatek HeliaSol,8.9,15.0,85.0,0.77,747.0,298.0,3177.0,13.5,Solution_567,OPTIMAL_SOLUTION
383895,342319,0,South,16.22,4.93,3.29,174.1,925.0,YES,Heliatek HeliaSol,8.9,15.0,85.0,1.17,1135.0,298.0,4825.0,13.5,Solution_567,OPTIMAL_SOLUTION
383896,342319,0,South,16.22,4.93,3.29,174.1,925.0,YES,Heliatek HeliaSol,8.9,15.0,85.0,1.17,1135.0,298.0,4825.0,13.5,Solution_567,OPTIMAL_SOLUTION
383897,342319,0,South,16.22,4.93,3.29,174.1,925.0,YES,Heliatek HeliaSol,8.9,15.0,85.0,1.17,1135.0,298.0,4825.0,13.5,Solution_567,OPTIMAL_SOLUTION
383898,342319,0,South,16.22,4.93,3.29,174.1,925.0,YES,Heliatek HeliaSol,8.9,15.0,85.0,1.17,1135.0,298.0,4825.0,13.5,Solution_567,OPTIMAL_SOLUTION
383899,342319,0,South,16.22,4.93,3.29,174.1,925.0,YES,Heliatek HeliaSol,8.9,15.0,85.0,1.17,1135.0,298.0,4825.0,13.5,Solution_567,OPTIMAL_SOLUTION
383900,342319,0,South,16.22,4.93,3.29,174.1,925.0,YES,Heliatek HeliaSol,8.9,15.0,85.0,1.17,1135.0,298.0,4825.0,13.5,Solution_567,OPTIMAL_SOLUTION
383901,342319,0,South,16.22,4.93,3.29,174.1,925.0,YES,Heliatek HeliaSol,8.9,15.0,85.0,1.17,1135.0,298.0,4825.0,13.5,Solution_567,OPTIMAL_SOLUTION
